WWTP_id	Continent	Country	Latitude	Longitude	SamplingDate	TempDegC	TempRangeF	TempRange	Climate	ClimateZone	ProcessType	PlantType	indMerged	indText	City
US1-112	North America	United States			2018-12-10						C,N,DN	Activated sludge	0	none	
US1-78	North America	United States			2018-10-30	17.5	moderate	moderate			C,N,DN,P	Activated sludge	100	all	
US1-80	North America	United States			2018-10-30						C,N	Activated sludge	100	all	
SE-20	Europe	Sweden			2018-05-07	26.0	very high	very high	Temperate		C	MBBR	100	all	
SE-21	Europe	Sweden			2018-05-07	26.0	very high	very high	Temperate		C	MBBR	100	all	
DE-01	Europe	Germany			2018-03-15				Temperate		C,N	Activated sludge	0		City150
DK-09	Europe	Denmark	57.05	9.84	2018-12-12				Temperate	Cfb	C,N,DN,P	Activated sludge	30	medium	City131
DK-02	Europe	Denmark	57.05	10.05	2018-12-12				Temperate	Cfb	C,N,DN,P	Activated sludge	10	very_low	City131
BE-07	Europe	Belgium	50.94	4.04	2018-03-12	9.34	very low	very low	Temperate	Cfb	C,N,DN	Activated sludge	2	very_low	City64
US2-24	North America	United States	42.07	-72.61	2018-05-07	18.4	moderate	moderate	Temperate	Cfa	C,N,DN	Activated sludge	30	medium	City413
ES-21	Europe	Spain	41.79	1.1	2018-03-05	10.0	very low	very low	Subtropical	Cfa	C	Activated sludge	0	none	City271
AR-20	South America	Argentina	-34.71	-58.52	2018-06-11	19.0	moderate	moderate	Temperate	Cfa	C	Activated sludge	0	none	City16
AR-21	South America	Argentina	-34.71	-58.52	2018-06-11	13.0	low	low	Temperate	Cfa	C	Biofilter	0	none	City16
AR-22	South America	Argentina	-34.71	-58.52	2018-06-11	13.0	low	low	Temperate	Cfa	C	Biofilter	0	none	City16
PT-04	Europe	Portugal	38.68	-9.17	2018-02-19	20.0	moderate	moderate	Subtropical	Csa	C	Activated sludge	0	none	City240
CH-27	Europe	Switzerland	47.47	9.57	2018-04-06	15.5	moderate	moderate	Temperate	Cfb	C,N,DN	Biofilter	9	very_low	City313
ZA-02	Africa	South Africa	-30.04	30.89	2018-04-04	28.0	very high	very high	Tropical	Cfa	C,N,DN	Activated sludge	0	medium	City248
NO1-08	Europe	Norway	58.46	8.77	2018-04-18	12.0	low	low	Temperate	Cfb	C	MBBR	0	none	City206
NO1-17	Europe	Norway	59.67	10.79	2018-04-16	12.0	low	low	Temperate	Cfb	C	Biofilter	0	none	City212
NO1-16	Europe	Norway	59.67	10.79	2018-04-16	12.0	low	low	Temperate	Cfb	C	MBBR	0	none	City212
US2-14	North America	United States	42.56	-71.59	2018-05-02	15.4	moderate	moderate	Temperate	Dfa	C,N,DN,P	Activated sludge	30	medium	City406
DE-02	Europe	Germany			2018-03-15				Temperate		C,N	Activated sludge	0		City151
PL-02	Europe	Poland	50.05	19.2	2018-03-19	8.2	very low	very low	Temperate	Cfb	C,N,DN,P	Activated sludge	0	none	City222
AT-06	Europe	Austria	47.83	16.17	2018-04-20				Temperate	Cfb		Activated sludge	0		City53
CH-19	Europe	Switzerland	47.0	9.5	2018-04-04	12.5	low	low	Temperate	Cfb	C,N,DN	Other	15	low	City306
CH-18	Europe	Switzerland	47.0	9.5	2018-04-04	12.5	low	low	Temperate	Cfb	C,N,DN	Other	15	low	City306
US1-97	North America	United States	35.37	-119.02	2018-11-29	24.4	high	high	Subtropical	BSh	C,N,DN	Activated sludge	5	very_low	City392
ES-22	Europe	Spain	41.79	0.8	2018-03-05	12.3	low	low	Subtropical	BSk	C,N,DN	Activated sludge	0	none	City272
NO1-09	Europe	Norway	59.0	9.58	2018-04-17	19.0	moderate	moderate	Temperate	Cfb	C	MBBR	100	all	City207
BE-05	Europe	Belgium	50.92	3.93	2018-03-12	9.1	very low	very low	Temperate	Cfb	C,N,DN	Activated sludge	0	none	City62
ES-07	Europe	Spain	41.39	2.17	2018-03-16	20.0	moderate	moderate	Subtropical	Csa	C	Activated sludge	0	none	City258
NL-17	Europe	Netherlands	51.4	4.21	2018-03-16	30.0	very high	very high	Temperate	Cfb	C,N,DN	Other	40	medium	City198
NL-16	Europe	Netherlands	51.4	4.21	2018-03-16	15.0	low	low	Temperate	Cfb	C,N,DN	Activated sludge	40	medium	City198
IL-01	Asia	Israel	31.25	34.79	2018-03-29	25.0	high	high	Tropical	BSh	C,N,DN	Activated sludge	15	low	City173
BE-02	Europe	Belgium	50.77	4.31	2018-03-12	10.48	low	low	Temperate	Cfb	C,N,DN	Activated sludge	4	very_low	City59
CN1-08	Asia	China	39.9	116.41	2018-03-14	15.0	low	low	Subtropical	BSk	C,N,DN,P	Activated sludge	0	none	City100
AR-24	South America	Argentina	-34.56	-58.69	2018-06-11	20.0	moderate	moderate	Temperate	Cfa	C	Activated sludge	0	none	City18
ES-09	Europe	Spain	41.63	1.01	2018-03-19	16.0	moderate	moderate	Subtropical	BSk	C	Activated sludge	0	none	City260
US1-34	North America	United States	38.05	-122.16	2018-08-29	26.0	very high	very high	Subtropical	Csb	C	Activated sludge	17.5	low	City357
US1-92	North America	United States	38.05	-122.16	2018-12-05	36.5	extremely high	extremely high	Subtropical	Csb	C,N	Activated sludge	0	all	City357
AR-06	South America	Argentina	-34.76	-58.21	2018-06-01	19.0	moderate	moderate	Temperate	Cfa	C	Activated sludge	0	none	City4
NO1-05	Europe	Norway	60.39	5.32	2018-04-09	9.0	very low	very low	Temperate	Cfb	C	MBBR	4	very_low	City203
NO1-04	Europe	Norway	60.39	5.32	2018-04-09	9.0	very low	very low	Temperate	Cfb	C	MBBR	4	very_low	City203
CH-26	Europe	Switzerland	46.95	7.45	2018-04-04	16.0	moderate	moderate	Temperate	Cfb	C,N,DN	Biofilter	0		City312
AR-03	South America	Argentina	-34.71	-58.28	2018-06-01	27.0	very high	very high	Temperate	Cfa	C	Activated sludge	0	all	City2
US1-50	North America	United States	34.24	-116.91	2018-09-17	20.6	high	high	Subtropical	Csb	C,N,DN	Activated sludge	0	none	City371
CH-06	Europe	Switzerland	47.15	9.03	2018-04-03	10.6	low	low	Temperate	Cfb	C,N,DN	Activated sludge	40	medium	City296
US1-101	North America	United States	45.71	-121.46	2018-10-18	20.0	moderate	moderate	Temperate	Csb	C,N,DN	Activated sludge	17.5	low	City331
CH-12	Europe	Switzerland	47.55	7.63	2018-04-04	14.9	low	low	Temperate	Cfb	C,N,DN	Activated sludge	25	low	City302
DK-01	Europe	Denmark	55.65	12.06	2018-12-12				Temperate	Cfb	C,N,DN,P	Activated sludge	20	low	City130
PL-01	Europe	Poland	52.2	20.62	2018-03-23	10.0	very low	very low	Temperate	Cfb	C,N,DN,P	Activated sludge	20	low	City221
AU-35	Oceania	Australia	-34.78	138.59	2018-07-02	20.0	moderate	moderate	Subtropical	Csb	C,N,DN	Activated sludge	10	very_low	City48
AU-34	Oceania	Australia	-34.78	138.59	2018-07-02	21.0	high	high	Subtropical	Csb	C,N,DN,P	Activated sludge	10	very_low	City48
US2-12	North America	United States	42.36	-71.06	2018-04-27	14.1	low	low	Temperate	Cfa	C	Activated sludge	5	very_low	City404
UK-08	Europe	United Kingdom	51.36	-2.13	2018-04-06	17.0	moderate	moderate	Temperate	Cfb	C,N	Activated sludge	0	very_low	City324
AU-07	Oceania	Australia	-32.65	151.35	2018-06-13	19.5	moderate	moderate	Subtropical	Cfa	C,N,DN	Activated sludge	6	very_low	City30
BE-15	Europe	Belgium	51.21	3.22	2018-03-12	9.76	very low	very low	Temperate	Cfb	C,N,DN	Activated sludge	6	very_low	City72
AR-05	South America	Argentina	-34.6	-58.38	2018-06-01	20.0	moderate	moderate	Temperate	Cfa	C	Activated sludge	0	high	City1
AR-01	South America	Argentina	-34.6	-58.38	2018-05-29	25.0	high	high	Temperate	Cfa	C	Activated sludge	100	all	City1
AR-13	South America	Argentina	-34.6	-58.38	2018-06-07	19.0	moderate	moderate	Temperate	Cfa	C	Activated sludge	0	medium	City1
AR-02	South America	Argentina	-34.6	-58.38	2018-05-29	29.0	very high	very high	Temperate	Cfa	C	Activated sludge	100	all	City1
CH-05	Europe	Switzerland	47.52	8.54	2018-04-03	12.3	low	low	Temperate	Cfb	C,N,DN,P	Activated sludge	5	very_low	City295
CH-04	Europe	Switzerland	47.52	8.54	2018-04-03	34.1	extremely high	extremely high	Temperate	Cfb	C,N,DN,P	Activated sludge	5	very_low	City295
US1-43	North America	United States	37.58	-122.35	2018-09-09	20.0	moderate	moderate	Subtropical	Csb	C	Activated sludge	0	all	City347
US1-13	North America	United States	37.58	-122.35	2018-08-08	25.0	high	high	Subtropical	Csb	C	Activated sludge	7.5	very_low	City347
PL-22	Europe	Poland	53.12	18.01	2018-03-19	20.5	high	high	Temperate	Cfb	C,N,DN	MBBR	0	very_low	City235
PL-21	Europe	Poland	53.12	18.01	2018-03-19	20.5	high	high	Temperate	Cfb	C,N,DN	MBBR	0	very_low	City235
DE-03	Europe	Germany			2018-03-15				Temperate		C,N,DN,P	Activated sludge	20	low	City152
CA-04	North America	Canada	50.86	-113.99	2018-01-15	6.3	very low	very low	Temperate	Dfb	C,N,DN,P	Activated sludge	0		City84
CA-03	North America	Canada	51.01	-114.05	2018-01-28	6.0	very low	very low	Temperate	Dfb	C,N,DN,P	Activated sludge	0		City84
ZA-10	Africa	South Africa	-29.73	30.53	2018-04-04	21.6	high	high	Tropical	Cfa	C,N,DN	Activated sludge	0	none	City252
AR-29	South America	Argentina	-32.82	-61.4	2018-06-11	17.0	moderate	moderate	Temperate	Cfa	C	Biofilter	0	none	City14
UY-14	South America	Uruguay	-34.53	-56.29	2018-08-02				Subtropical	Cfa	C	Activated sludge	0	none	City420
US2-23	North America	United States	41.82	-72.9	2018-05-03	12.8	low	low	Temperate	Cfa	C,DN	Biofilter	0	none	City412
US2-22	North America	United States	41.82	-72.9	2018-05-03	12.8	low	low	Temperate	Cfa	C,N,DN,P	Activated sludge	0	none	City412
ZA-06	Africa	South Africa	-33.92	18.42	2018-04-04	25.0	high	high	Subtropical	Csb	C,N,DN	Activated sludge	0		City251
ZA-07	Africa	South Africa	-33.92	18.42	2018-04-04	25.0	high	high	Subtropical	Csb	C,N,DN	Activated sludge	0		City251
ZA-09	Africa	South Africa	-33.92	18.42	2018-04-04	25.0	high	high	Subtropical	Csb	C,N,DN,P	Activated sludge	0		City251
ZA-08	Africa	South Africa	-33.92	18.42	2018-04-04	25.0	high	high	Subtropical	Csb	C,N,DN,P	Activated sludge	0		City251
ZA-05	Africa	South Africa	-33.92	18.42	2018-04-04	25.0	high	high	Subtropical	Csb	C,N,DN,P	Activated sludge	0		City251
US1-87	North America	United States	33.83	-118.28	2018-11-05	28.9	very high	very high	Subtropical	BSk	C	Activated sludge	17	low	City384
ES-12	Europe	Spain	41.83	3.05	2018-03-13	15.0	low	low	Subtropical	Csa	C	Activated sludge	0	very_low	City262
US1-88	North America	United States	33.86	-118.06	2018-11-07	28.0	very high	very high	Subtropical	BSk	C,N,DN	Activated sludge	12	low	City385
CH-30	Europe	Switzerland	47.18	8.46	2018-04-10	16.0	moderate	moderate	Temperate	Cfb	C,N,DN,P	Activated sludge	15	low	City316
CN1-07	Asia	China	36.2	113.12	2018-02-19	12.0	low	low	Subtropical	Dwa	C,N,DN,P	Activated sludge	0	medium	City99
CN1-06	Asia	China	36.2	113.12	2018-02-19	10.0	very low	very low	Subtropical	Dwa	C,N,DN	Activated sludge	20	low	City99
UK-06	Europe	United Kingdom	51.63	-2.4	2018-04-13	11.0	low	low	Temperate	Cfb	C,N	Activated sludge	5	very_low	City322
US2-27	North America	United States	42.14	-71.97	2018-05-07	15.8	moderate	moderate	Temperate	Dfa	C,N,P	Activated sludge	10	very_low	City416
US2-28	North America	United States	42.14	-71.97	2018-05-07	15.8	moderate	moderate	Temperate	Dfa	C,N	Biofilter	10	very_low	City416
CA-11	North America	Canada	45.36	-73.75	2018-03-01	10.5	low	low	Temperate	Dfb	C,N,DN	Biofilter	10	very_low	City91
IN-25	Asia	India	13.08	80.27	2018-08-03	35.8	extremely high	extremely high	Subequatorial	Aw	C	Biofilter	0	none	City172
IN-23	Asia	India	13.08	80.27	2018-08-03	36.4	extremely high	extremely high	Subequatorial	Aw	C	Activated sludge	0	none	City172
IN-24	Asia	India	13.08	80.27	2018-08-03	37.4	extremely high	extremely high	Subequatorial	Aw	C	Activated sludge	0	none	City172
US2-26	North America	United States	42.15	-72.61	2018-05-07	18.4	moderate	moderate	Temperate	Cfa	C	Activated sludge	0	very_low	City415
UK-11	Europe	United Kingdom	51.46	-2.12	2018-04-06	15.0	low	low	Temperate	Cfb	C,N	Activated sludge	15	low	City318
CZ-20	Europe	Czech Republic	50.7	13.94	2018-05-23	18.4	moderate	moderate	Temperate	Cfb	C,N	Activated sludge	0	none	City124
AU-16	Oceania	Australia	-22.83	147.63	2018-07-18				Tropical	BSh	C,N,DN,P	Activated sludge	0	none	City38
DK-18	Europe	Denmark	55.61	12.45	2018-12-12				Temperate	Cfb	C,N,DN	Activated sludge	20	low	City141
DK-15	Europe	Denmark	55.7	12.61	2018-12-12				Temperate	Cfb	C,N,DN,P	Activated sludge	0		City141
DK-16	Europe	Denmark	55.64	12.51	2018-12-12				Temperate	Cfb	C,N,DN,P	Activated sludge	0		City141
UK-12	Europe	United Kingdom	51.43	-2.19	2018-04-06	17.0	moderate	moderate	Temperate	Cfb	C,N	Activated sludge	10	very_low	City319
CA-09	North America	Canada	45.21	-72.75	2018-03-01	7.5	very low	very low	Temperate	Dfb	C,N,DN	Activated sludge	10	very_low	City89
PL-23	Europe	Poland	50.06	19.94	2018-03-19	26.5	very high	very high	Temperate	Cfb	C,N,DN	Activated sludge	0	all	City236
US1-38	North America	United States	38.05	-122.21	2018-08-21	29.0	very high	very high	Subtropical	Csb	C,N	Activated sludge	70	high	City360
PL-18	Europe	Poland	50.81	19.11	2018-03-20	15.0	low	low	Temperate	Cfb	C,N,DN	Activated sludge	100	all	City232
DE-04	Europe	Germany			2018-03-20				Temperate		C,N,DN	Activated sludge	60	high	City153
IN-03	Asia	India	21.71	72.58	2018-07-31	36.5	extremely high	extremely high	Subequatorial	Aw	C	Biofilter	0	all	City167
IN-04	Asia	India	21.71	72.58	2018-07-31	36.4	extremely high	extremely high	Subequatorial	Aw	C	Biofilter	0	all	City167
IN-02	Asia	India	21.71	72.58	2018-07-31	36.0	extremely high	extremely high	Subequatorial	Aw	C	Biofilter	0	all	City167
IN-06	Asia	India	21.71	72.58	2018-07-31	38.4	extremely high	extremely high	Subequatorial	Aw	C	Granules	0	all	City167
IN-05	Asia	India	21.71	72.58	2018-07-31	37.5	extremely high	extremely high	Subequatorial	Aw	C	Granules	0	all	City167
IN-01	Asia	India	21.71	72.58	2018-07-31	37.0	extremely high	extremely high	Subequatorial	Aw	C	Activated sludge	0	all	City167
IN-07	Asia	India	21.71	72.58	2018-07-31	36.6	extremely high	extremely high	Subequatorial	Aw	C	Granules	0	all	City167
US1-91	North America	United States	38.54	-121.74	2018-12-05	21.0	high	high	Subtropical	Csa	C,N,DN	Activated sludge	6	very_low	City388
IN-13	Asia	India	28.7	77.1	2018-08-03	32.3	extremely high	extremely high	Subequatorial	BSh	C	Biofilter	0	none	City170
IN-14	Asia	India	28.7	77.1	2018-08-03	28.9	very high	very high	Subequatorial	BSh	C	Activated sludge	0	none	City170
IN-16	Asia	India	28.7	77.1	2018-08-03	31.2	extremely high	extremely high	Subequatorial	BSh	C	Activated sludge	0	none	City170
IN-17	Asia	India	28.7	77.1	2018-08-03	31.5	extremely high	extremely high	Subequatorial	BSh	C	Activated sludge	0	none	City170
IN-15	Asia	India	28.7	77.1	2018-08-03	30.5	extremely high	extremely high	Subequatorial	BSh	C	Activated sludge	0	none	City170
US1-29	North America	United States	38.02	-121.84	2018-08-21	26.0	very high	very high	Subtropical	Csb	C	Biofilter	3	very_low	City352
NL-18	Europe	Netherlands	52.07	4.3	2018-03-09	15.0	low	low	Temperate	Cfb	C,N,DN,P	Activated sludge	0	none	City199
BE-09	Europe	Belgium	51.22	4.46	2018-03-12	11.44	low	low	Temperate	Cfb	C,N,DN	Activated sludge	3	very_low	City66
CH-29	Europe	Switzerland	47.41	8.4	2018-04-09	15.7	moderate	moderate	Temperate	Cfb	C,N,DN	Biofilter	40	medium	City315
BE-20	Europe	Belgium	51.03	5.7	2018-03-12	9.5	very low	very low	Temperate	Cfb	C,N,DN,P	Activated sludge	20-50		City76
NL-04	Europe	Netherlands	51.87	6.5	2018-03-13	13.0	low	low	Temperate	Cfb	C,N,DN,P	Granules	0	none	City194
NL-05	Europe	Netherlands	51.87	6.5	2018-03-13	13.0	low	low	Temperate	Cfb	C,N,DN,P	Other	0	none	City194
AU-08	Oceania	Australia	-33.08	151.5	2018-06-13	18.4	moderate	moderate	Subtropical	Cfa	C,N,DN	Activated sludge	20	low	City31
CH-22	Europe	Switzerland	47.4	8.62	2018-04-05	15.3	moderate	moderate	Temperate	Cfb	C,N,DN,P	Activated sludge	50	medium	City308
US1-42	North America	United States	37.72	-121.91	2018-08-31	26.5	very high	very high	Subtropical	Csb	C	Activated sludge	1.5	very_low	City364
ZA-03	Africa	South Africa	-29.88	30.87	2018-04-04	27.0	very high	very high	Tropical	Cfa	C,N,DN	Activated sludge	0	none	City249
US2-01	North America	United States	35.99	-78.9	2018-04-23	34.4	extremely high	extremely high	Temperate	Cfa	Anammox	MBBR	0		City394
DE-05	Europe	Germany			2018-03-20				Temperate		C,N,DN	Activated sludge	20	low	City154
UK-15	Europe	United Kingdom	52.62	1.24	2018-03-16	13.0	low	low	Temperate	Cfb	C,N,DN	Activated sludge	60.9	high	City320
UK-14	Europe	United Kingdom	52.62	1.24	2018-03-16	13.0	low	low	Temperate	Cfb	C,N,DN,P	Activated sludge	12	low	City320
UK-13	Europe	United Kingdom	52.62	1.24	2018-03-16	13.0	low	low	Temperate	Cfb	C,N,DN	Activated sludge	60.9	high	City320
AU-10	Oceania	Australia	-32.92	151.62	2018-06-13	19.5	moderate	moderate	Subtropical	Cfa	C,N,DN	Activated sludge	11	low	City33
DK-05	Europe	Denmark	56.21	10.24	2018-12-12				Temperate	Cfb	C,N,DN,P	Activated sludge	40	medium	City133
DK-06	Europe	Denmark	55.4	10.41	2018-12-12				Temperate	Cfb	C,N,DN,P	Activated sludge	49	medium	City134
ZA-17	Africa	South Africa	-26.18	28.35	2018-04-04	20.0	moderate	moderate	Tropical	Cwb	C,N,DN	Biofilter	0	none	City255
ZA-18	Africa	South Africa	-26.18	28.35	2018-04-04	20.0	moderate	moderate	Tropical	Cwb	C,N,DN,P	Activated sludge	30	medium	City255
ZA-16	Africa	South Africa	-26.18	28.35	2018-04-04	20.0	moderate	moderate	Tropical	Cwb	C,N,DN,P	Activated sludge	40	medium	City255
ZA-15	Africa	South Africa	-26.18	28.35	2018-04-04	20.0	moderate	moderate	Tropical	Cwb	C,N,DN,P	Activated sludge	40	medium	City255
ZA-19	Africa	South Africa	-26.18	28.35	2018-04-04	20.0	moderate	moderate	Tropical	Cwb	C,N,DN,P	Activated sludge	30	medium	City255
ZA-13	Africa	South Africa	-26.18	28.35	2018-04-04	20.0	moderate	moderate	Tropical	Cwb	C,N,DN,P	Activated sludge	15	low	City255
ZA-14	Africa	South Africa	-26.18	28.35	2018-04-04	20.0	moderate	moderate	Tropical	Cwb	C,N,DN	Activated sludge	0	none	City255
US1-103	North America	United States	34.07	-118.03	2018-11-06	26.6	very high	very high	Subtropical	BSk	C,N,DN	Activated sludge	15	low	City332
AR-27	South America	Argentina	-34.46	-58.71	2018-06-11	19.0	moderate	moderate	Temperate	Cfa	C	Activated sludge	80	high	City13
CH-03	Europe	Switzerland	47.08	8.28	2018-04-03	12.5	low	low	Temperate	Cfb	C,N,DN	Activated sludge	10	very_low	City294
US1-67	North America	United States	36.4	-97.88	2018-10-02	24.0	high	high	Temperate	Cfa	C,N,DN,P	Activated sludge	10	very_low	City379
DK-04	Europe	Denmark	55.49	8.43	2018-12-12				Temperate	Cfb	C,N,DN	Activated sludge	60	high	City132
DK-03	Europe	Denmark	55.46	8.49	2018-12-12				Temperate	Cfb	C,N,DN	Activated sludge	60	high	City132
SE-31	Europe	Sweden	55.84	13.3	2018-05-22				Temperate	Cfb	C,N,DN	Activated sludge	26	low	City291
FI-01	Europe	Finland	60.21	24.66	2019-03-20	8.3	very low	very low	Temperate	Dfb	N,DN	Activated sludge	8	very_low	City148
FI-02	Europe	Finland	60.21	24.66	2019-03-20	8.3	very low	very low	Temperate	Dfb	N,DN	Activated sludge	8	very_low	City148
AR-15	South America	Argentina	-30.02	-59.53	2018-06-07	7.0	very low	very low	Tropical	Cfa	C	Activated sludge	0	none	City20
DE-06	Europe	Germany			2018-03-20				Temperate		C,N,DN	Activated sludge	0	none	City155
US1-93	North America	United States	38.25	-122.04	2018-12-05	21.0	high	high	Subtropical	Csb	C,N	Biofilter	25	low	City389
CH-25	Europe	Switzerland	47.37	8.64	2018-04-06	13.6	low	low	Temperate	Cfb	C,N,DN	Activated sludge	20	low	City311
AU-06	Oceania	Australia	-32.73	151.52	2018-06-13	18.4	moderate	moderate	Subtropical	Cfa	C,N,DN	Activated sludge	8	very_low	City29
CA-07	North America	Canada	45.28	-72.97	2018-03-01	8.2	very low	very low	Temperate	Dfb	C,N,DN	Activated sludge	20	low	City87
IT-04	Europe	Italy	44.66	10.22	2018-03-07	12.0	low	low	Temperate	Csb	C,N,DN	Activated sludge	15	low	City176
ES-20	Europe	Spain	42.27	2.96	2018-03-13	15.0	low	low	Subtropical	Csa	C	Activated sludge	0	low	City270
AR-04	South America	Argentina	-34.8	-58.28	2018-06-01	28.0	very high	very high	Temperate	Cfa	C	Activated sludge	0	all	City3
UY-12	South America	Uruguay	-34.09	-56.22	2018-08-02				Subtropical	Cfa	C	Activated sludge	0	none	City419
NO3-03	Europe	Norway	63.99	11.11	2018-04-10	20.0	moderate	moderate	Temperate	Cfc	N	Activated sludge	100	all	City218
AT-09	Europe	Austria	47.84	16.93	2018-04-26				Temperate	Cfb		Activated sludge	0		City56
UY-16	South America	Uruguay	-33.12	-58.3	2018-08-10	32.0	extremely high	extremely high	Subtropical	Cfa	C	Activated sludge	100	all	City421
UY-17	South America	Uruguay	-33.12	-58.3	2018-08-10	32.0	extremely high	extremely high	Subtropical	Cfa	C	Activated sludge	100	all	City421
DK-20	Europe	Denmark	55.55	9.72	2018-12-12				Temperate	Cfb	C,N,DN,P	Activated sludge	75	high	City144
US1-104	North America	United States	36.74	-119.79	2018-11-29	34.0	extremely high	extremely high	Subtropical	BSh	C,N,DN	Activated sludge	15	low	City330
US1-100	North America	United States	36.74	-119.79	2018-11-29	35.0	extremely high	extremely high	Subtropical	BSh	C,N,DN	Activated sludge	15	low	City330
US1-99	North America	United States	36.74	-119.79	2018-11-29				Subtropical	BSh	C,N,DN	MBR	15	low	City330
US1-105	North America	United States	36.74	-119.79	2018-11-29	35.0	extremely high	extremely high	Subtropical	BSh	C,N,DN	Activated sludge	15	low	City330
DE-25	Europe	Germany	51.35	9.53	2018-03-20				Temperate	Cfb	C,N,DN	Activated sludge	0	none	City165
NO1-15	Europe	Norway	59.18	8.09	2018-04-04	15.0	low	low	Temperate	Dfc	C,N	MBBR	100	all	City211
NO1-14	Europe	Norway	59.18	8.09	2018-04-04	15.0	low	low	Temperate	Dfc	C,N	MBBR	100	all	City211
DE-11	Europe	Germany			2018-03-21				Temperate		C,N,DN	Activated sludge	50	medium	City157
NL-03	Europe	Netherlands	53.25	6.65	2018-04-03	14.0	low	low	Temperate	Cfb	C,N	Activated sludge	0	none	City193
NL-02	Europe	Netherlands	53.25	6.65	2018-04-03	14.0	low	low	Temperate	Cfb	C	Activated sludge	0	none	City193
NL-13	Europe	Netherlands	53.25	6.65	2018-04-03	35.0	extremely high	extremely high	Temperate	Cfb		Activated sludge	0	none	City193
NL-14	Europe	Netherlands	53.25	6.65	2018-04-03	14.0	low	low	Temperate	Cfb	C,N,DN,P	Granules	0	none	City193
PL-11	Europe	Poland	54.35	18.65	2018-03-20	11.6	low	low	Temperate	Cfb	C,N,DN,P	Activated sludge	0	low	City228
CH-17	Europe	Switzerland	46.2	6.14	2018-04-04	15.0	low	low	Temperate	Cfb	C,N	Biofilter	0	none	City305
BE-17	Europe	Belgium	51.05	3.72	2018-03-12	10.29	low	low	Temperate	Cfb	C,N,DN	Activated sludge	1	very_low	City74
US1-128	North America	United States	37.0	-121.56	2018-12-11	21.6	high	high	Subtropical	Csb	C,N,DN,P	Activated sludge	2	very_low	City346
ES-17	Europe	Spain	41.98	2.82	2018-03-06	16.0	moderate	moderate	Subtropical	Csa	C,N,DN	Activated sludge	0	none	City267
AU-22	Oceania	Australia	-37.49	144.59	2018-06-15	12.9	low	low	Subtropical	Cfb	C,N,DN	Activated sludge	3.5	very_low	City42
AT-05	Europe	Austria	47.68	16.13	2018-04-20				Temperate	Cfb		Activated sludge	0		City50
AU-32	Oceania	Australia	-34.98	138.52	2018-07-02	21.0	high	high	Subtropical	Csb	C,N,DN	Activated sludge	10	very_low	City47
AU-33	Oceania	Australia	-34.98	138.52	2018-07-02	21.0	high	high	Subtropical	Csb	C,N,DN	Activated sludge	10	very_low	City47
AT-07	Europe	Austria	47.92	13.8	2018-04-23				Temperate	Cfb		Activated sludge	0		City54
CH-11	Europe	Switzerland	46.18	8.86	2018-04-04	13.0	low	low	Temperate	Cfb	C,P	Activated sludge	37	medium	City301
PL-19	Europe	Poland	52.73	15.24	2018-03-20	29.0	very high	very high	Temperate	Cfb	C	Activated sludge	0	all	City233
SE-23	Europe	Sweden	57.71	11.97	2018-05-08	14.0	low	low	Temperate	Cfb	N	Biofilter	25	low	City287
SE-26	Europe	Sweden	57.71	11.97	2018-05-08	14.0	low	low	Temperate	Cfb	DN	MBBR	25	low	City287
SE-24	Europe	Sweden	57.71	11.97	2018-05-08	14.0	low	low	Temperate	Cfb	N	MBBR	25	low	City287
SE-25	Europe	Sweden	57.71	11.97	2018-05-08	14.0	low	low	Temperate	Cfb	C,DN	Activated sludge	25	low	City287
SE-27	Europe	Sweden	57.71	11.97	2018-05-08	33.0	extremely high	extremely high	Temperate	Cfb	Anammox	MBBR	25	low	City287
AR-08	South America	Argentina	-34.65	-59.36	2018-06-05	23.0	high	high	Temperate	Cfa	C	Activated sludge	100	all	City6
AR-11	South America	Argentina	-34.61	-58.95	2018-06-05	18.0	moderate	moderate	Temperate	Cfa	C	Activated sludge	100	all	City9
CA-10	North America	Canada	45.4	-72.73	2018-03-01	11.4	low	low	Temperate	Dfb	C,N,DN	Activated sludge	50	medium	City90
ES-25	Europe	Spain	41.61	2.29	2018-03-06	17.0	moderate	moderate	Subtropical	Cfa	C,N,DN	Activated sludge	20	low	City275
US2-06	North America	United States	40.87	-77.58	2018-04-25	19.0	moderate	moderate	Temperate	Dfb	C,N,DN	Activated sludge	0		City398
NO1-18	Europe	Norway	58.34	8.59	2018-04-09	11.0	low	low	Temperate	Cfb	C,N,DN,P	Activated sludge	10	very_low	City204
NO1-06	Europe	Norway	58.34	8.59	2018-04-18	21.0	high	high	Temperate	Cfb	C	MBBR	100	all	City204
AU-13	Oceania	Australia	-26.18	152.67	2018-07-05				Tropical	Cfa	C,N,DN	Activated sludge	0	none	City36
DE-13	Europe	Germany			2018-03-21				Temperate		C,N	Biofilter	50	medium	City158
DE-12	Europe	Germany			2018-03-21				Temperate		C,DN	Activated sludge	50	medium	City158
DK-17	Europe	Denmark	55.25	9.51	2018-12-12				Temperate	Cfb	C,N,DN,P	Activated sludge	5	very_low	City142
US2-04	North America	United States	37.03	-76.35	2018-04-23	19.8	moderate	moderate	Temperate	Cfa	C,N,DN	Activated sludge	0		City396
US1-10	North America	United States	37.67	-122.08	2018-08-14	23.0	high	high	Subtropical	Csb	C	Biofilter	50	medium	City329
SE-29	Europe	Sweden	56.05	12.69	2018-05-22	17.2	moderate	moderate	Temperate	Cfb	C,N,DN,P	Activated sludge	20	low	City289
FI-06	Europe	Finland	60.17	24.94	2019-03-15	11.0	low	low	Temperate	Dfb	C,N,DN	Activated sludge	15	low	City149
FI-07	Europe	Finland	60.17	24.94	2019-03-15	11.0	low	low	Temperate	Dfb	C,N,DN	Activated sludge	15	low	City149
CH-13	Europe	Switzerland	47.39	9.28	2018-04-04	11.0	low	low	Temperate	Cfb	C,N	Activated sludge	40	medium	City303
CH-14	Europe	Switzerland	47.39	9.28	2018-04-04	10.9	low	low	Temperate	Cfb	C,N	Activated sludge	40	medium	City303
DK-21	Europe	Denmark	57.58	9.99	2018-12-12				Temperate	Cfb	C,N,DN,P	Activated sludge	60	high	City145
DK-07	Europe	Denmark	57.42	9.98	2018-12-12				Temperate	Cfb	C,N,DN,P	Activated sludge	30	medium	City135
BE-21	Europe	Belgium	50.77	4.89	2018-03-12	12.5	low	low	Temperate	Cfb	C,N,DN	Activated sludge	0	none	City77
AT-10	Europe	Austria	47.36	9.69	2018-04-27				Temperate	Cfb		Activated sludge	0		City57
AT-11	Europe	Austria	47.36	9.69	2018-04-27				Temperate	Cfb		Activated sludge	0		City57
CN1-09	Asia	China	40.84	111.75	2018-03-15	4.2	very low	very low	Subtropical	BSk	C,N,DN	Activated sludge	0	none	City101
CN1-12	Asia	China	40.84	111.75	2018-03-15	3.9	very low	very low	Subtropical	BSk	C,N,DN,P	Activated sludge	90	high	City101
US1-130	North America	United States	36.85	-121.4	2018-12-12	20.8	high	high	Subtropical	Csb	C,N,DN	MBR	0	none	City348
CZ-21	Europe	Czech Republic	50.63	14.17	2018-05-23	17.0	moderate	moderate	Temperate	Cfb	C,N,DN	Activated sludge	0	none	City125
HK-04	Asia	Hong Kong	22.32	114.17	2018-05-04	25.0	high	high	Temperate	Cwa	C,N,DN	Activated sludge	0	none	City166
HK-03	Asia	Hong Kong	22.32	114.17	2018-05-04	25.0	high	high	Temperate	Cwa	C,N,DN	Activated sludge	0	none	City166
HK-06	Asia	Hong Kong	22.32	114.17	2018-05-04	25.0	high	high	Temperate	Cwa	C,N,DN	Activated sludge	0	none	City166
HK-01	Asia	Hong Kong	22.32	114.17	2018-05-04	25.0	high	high	Temperate	Cwa	C,N,DN	Activated sludge	0	none	City166
HK-02	Asia	Hong Kong	22.32	114.17	2018-05-04	25.0	high	high	Temperate	Cwa	C,N,DN	Activated sludge	0	none	City166
HK-05	Asia	Hong Kong	22.32	114.17	2018-05-04	25.0	high	high	Temperate	Cwa	C,N,DN	Activated sludge	0	none	City166
BE-23	Europe	Belgium	51.03	5.38	2018-03-12				Temperate	Cfb	C,N,DN	Activated sludge	0	none	City79
BE-14	Europe	Belgium	51.15	4.47	2018-03-12	8.77	very low	very low	Temperate	Cfb	C,N,DN	Activated sludge	7	very_low	City71
ZA-12	Africa	South Africa	-29.49	30.22	2018-04-04	22.1	high	high	Tropical	Cfb	C,N,DN,P	Activated sludge	15	low	City254
AR-07	South America	Argentina	-34.59	-58.63	2018-06-05	24.0	high	high	Temperate	Cfa	C	Activated sludge	100	all	City5
DE-14	Europe	Germany			2018-03-21				Temperate		C,N,DN	Activated sludge	0	none	City159
CH-23	Europe	Switzerland	46.98	7.48	2018-04-05	9.5	very low	very low	Temperate	Cfb	C,N,DN	Biofilter	20	low	City309
DE-15	Europe	Germany			2018-03-21				Temperate		C,N,DN,P	Activated sludge	40	medium	City160
US2-07	North America	United States	37.21	-76.78	2018-04-25	21.5	high	high	Temperate	Cfa	C,N,DN,P	Activated sludge	0		City399
AR-10	South America	Argentina	-34.6	-59.17	2018-06-05	20.0	moderate	moderate	Temperate	Cfa	C	Activated sludge	0	all	City8
SA-08	Asia	Saudi Arabia	21.49	39.19	2018-05-07	36.0	extremely high	extremely high	Tropical	BWh	C,N,DN	Activated sludge	0	none	City245
SA-13	Asia	Saudi Arabia	21.49	39.19	2018-05-07	36.0	extremely high	extremely high	Tropical	BWh	C,N	Activated sludge	0	none	City245
SA-09	Asia	Saudi Arabia	21.49	39.19	2018-05-07	36.0	extremely high	extremely high	Tropical	BWh	C,N,DN	Activated sludge	0	none	City245
SA-07	Asia	Saudi Arabia	21.49	39.19	2018-05-07	36.0	extremely high	extremely high	Tropical	BWh	C,N,DN	Activated sludge	0	none	City245
SA-12	Asia	Saudi Arabia	21.49	39.19	2018-05-07	36.0	extremely high	extremely high	Tropical	BWh	C,N	Activated sludge	0	none	City245
SA-14	Asia	Saudi Arabia	21.49	39.19	2018-05-07	36.0	extremely high	extremely high	Tropical	BWh	C,N,DN	Activated sludge	0	none	City245
SA-11	Asia	Saudi Arabia	21.49	39.19	2018-05-07	36.0	extremely high	extremely high	Tropical	BWh	C,N	Activated sludge	0	none	City245
AR-25	South America	Argentina	-34.53	-58.57	2018-06-11	19.0	moderate	moderate	Temperate	Cfa	C,N,DN	MBR	0	all	City12
DE-21	Europe	Germany			2018-03-20				Temperate		C,N,DN,P	Activated sludge	0	low	City161
CZ-04	Europe	Czech Republic	50.16	13.99	2018-05-23	16.1	moderate	moderate	Temperate	Cfb	C,N,DN	Activated sludge	0	none	City108
US2-13	North America	United States	48.19	-114.32	2018-04-30	14.0	low	low	Temperate	Dfb	C,N,DN,P	Activated sludge	17	low	City405
DK-11	Europe	Denmark	55.7	11.1	2018-12-12				Temperate	Cfb	C,N,DN	Activated sludge	0		City138
CZ-07	Europe	Czech Republic	50.13	14.02	2018-05-23	15.8	moderate	moderate	Temperate	Cfb	C,N,DN	Activated sludge	25	low	City111
NL-15	Europe	Netherlands	51.48	3.96	2018-03-30	15.0	low	low	Temperate	Cfb	C,N,DN,P	Activated sludge	0	none	City197
NL-24	Europe	Netherlands	51.48	3.96	2018-01-28				Temperate	Cfb	C,N,DN,P	Granules	0	none	City197
NL-25	Europe	Netherlands	51.48	3.96	2018-01-28				Temperate	Cfb	C,N,DN,P	Other	0	none	City197
SE-13	Europe	Sweden	56.17	14.86	2018-05-07	37.0	extremely high	extremely high	Temperate	Cfb	C	Activated sludge	100	all	City283
SE-14	Europe	Sweden	56.17	14.86	2018-05-07	37.0	extremely high	extremely high	Temperate	Cfb	C	MBBR	100	all	City283
IN-22	Asia	India	15.32	75.71	2018-08-03	26.2	very high	very high	Subequatorial	BSh	C	Activated sludge	0	none	City171
IN-20	Asia	India	15.32	75.71	2018-08-03	26.5	very high	very high	Subequatorial	BSh	C	Activated sludge	0	none	City171
IN-21	Asia	India	15.32	75.71	2018-08-03	25.9	very high	very high	Subequatorial	BSh	C	Activated sludge	0	none	City171
IN-18	Asia	India	15.32	75.71	2018-08-03	23.6	high	high	Subequatorial	BSh	C	MBBR	0	none	City171
IN-19	Asia	India	15.32	75.71	2018-08-03	24.8	high	high	Subequatorial	BSh	C	Activated sludge	0	none	City171
AU-04	Oceania	Australia	-32.64	151.98	2018-06-13	16.1	moderate	moderate	Subtropical	Cfa	C,N,DN	Activated sludge	4	very_low	City27
CZ-13	Europe	Czech Republic	49.89	13.38	2018-05-23	16.1	moderate	moderate	Temperate	Cfb	C,N	Activated sludge	5	very_low	City117
MY-18	Asia	Malaysia	6.12	100.37	2018-05-01	33.1	extremely high	extremely high	Equatorial	Am	C	Activated sludge	100	all	City190
MY-11	Asia	Malaysia	6.12	100.37	2018-05-01	33.1	extremely high	extremely high	Equatorial	Am	C	Activated sludge	100	all	City190
CA-01	North America	Canada	49.89	-119.5	2018-01-10	7.5	very low	very low	Temperate	BSk	C,N,DN,P	Activated sludge	0		City82
ZA-01	Africa	South Africa	-30.09	30.86	2018-04-04	26.0	very high	very high	Tropical	Cfa	C,N,DN	Activated sludge	0	none	City247
CH-16	Europe	Switzerland	47.09	7.58	2018-04-05	14.8	low	low	Temperate	Cfb	C,N,DN	Other	40	medium	City304
CH-15	Europe	Switzerland	47.09	7.58	2018-04-05	14.8	low	low	Temperate	Cfb	C,N,DN	Other	40	medium	City304
CZ-02	Europe	Czech Republic	50.14	14.11	2018-05-23	19.3	moderate	moderate	Temperate	Cfb	C,N,DN	Activated sludge	20	low	City106
BE-16	Europe	Belgium	51.06	5.27	2018-03-12				Temperate	Cfb	C,N,DN	Activated sludge	3	very_low	City73
CZ-08	Europe	Czech Republic	50.24	14.37	2018-05-23	16.3	moderate	moderate	Temperate	Cfb	C,N,DN	Activated sludge	0	none	City112
CZ-01	Europe	Czech Republic	50.24	14.31	2018-05-23	27.2	very high	very high	Temperate	Cfb	C,N,DN	Activated sludge	50	medium	City105
MY-06	Asia	Malaysia	3.16	101.71	2018-04-26	30.0	very high	very high	Equatorial	Af	C,N,DN	Activated sludge	0	none	City188
MY-16	Asia	Malaysia	3.16	101.71	2018-05-16	30.0	very high	very high	Equatorial	Af	C,N,DN	Activated sludge	0	none	City188
MY-17	Asia	Malaysia	3.16	101.71	2018-05-16	30.0	very high	very high	Equatorial	Af	C,N,DN	Activated sludge	0	none	City188
MY-07	Asia	Malaysia	3.16	101.71	2018-04-26	30.0	very high	very high	Equatorial	Af	C,N,DN,P	Activated sludge	0	none	City188
MY-08	Asia	Malaysia	3.82	103.33	2018-04-30	34.0	extremely high	extremely high	Equatorial	Af	C,N,DN	Activated sludge	5	very_low	City189
MY-10	Asia	Malaysia	3.82	103.33	2018-04-30	34.0	extremely high	extremely high	Equatorial	Af	C,N,DN	Biofilter	5	very_low	City189
MY-09	Asia	Malaysia	3.82	103.33	2018-04-30	34.0	extremely high	extremely high	Equatorial	Af	C,N,DN	Biofilter	5	very_low	City189
SE-02	Europe	Sweden	57.55	11.94	2018-05-02	11.0	low	low	Temperate	Cfb	C,N,DN,P	Activated sludge	0	none	City277
SE-03	Europe	Sweden	57.55	11.94	2018-05-02	11.0	low	low	Temperate	Cfb	C,N,DN,P	MBBR	0	none	City277
SE-04	Europe	Sweden	57.49	12.08	2018-05-02	11.0	low	low	Temperate	Cfb	C,N,DN,P	Activated sludge	0	none	City278
ES-16	Europe	Spain	41.58	2.33	2018-03-06	17.0	moderate	moderate	Subtropical	Cfa	C,N,DN	Activated sludge	they did not know		City266
US1-89	North America	United States	34.69	-118.15	2018-11-06	22.3	high	high	Subtropical	BSk	C,N,DN	Activated sludge	3	very_low	City386
CZ-03	Europe	Czech Republic	50.12	13.95	2018-05-23	16.0	moderate	moderate	Temperate	Cfb	C,N,DN	Activated sludge	0	none	City107
CA-08	North America	Canada	45.42	-73.48	2018-03-01	10.5	low	low	Temperate	Dfb	C,N,DN	Activated sludge	55	high	City88
NO1-11	Europe	Norway	59.05	10.03	2018-04-20	14.0	low	low	Temperate	Cfb	C	Activated sludge	0	none	City209
US2-15	North America	United States	42.71	-71.16	2018-05-02	13.6	low	low	Temperate	Dfa	C	Activated sludge	3	very_low	City407
NL-20	Europe	Netherlands	53.2	5.8	2018-03-06	30.0	very high	very high	Temperate	Cfb		Other	10	very_low	City200
NL-19	Europe	Netherlands	53.2	5.8	2018-03-06	15.0	low	low	Temperate	Cfb	C,N,DN	Activated sludge	10	very_low	City200
MX-08	North America	Mexico	21.13	-101.69	2018-03-08	23.0	high	high	Tropical	BSh	C,N,DN,P	Biofilter	0	very_low	City192
MX-10	North America	Mexico	21.13	-101.69	2018-03-08	23.0	high	high	Tropical	BSh	C,N,DN,P	Biofilter	0	very_low	City192
MX-09	North America	Mexico	21.13	-101.69	2018-03-08	23.0	high	high	Tropical	BSh	C,N,DN,P	Biofilter	0	very_low	City192
ES-08	Europe	Spain	41.52	0.87	2018-03-19	16.0	moderate	moderate	Subtropical	BSk	C	Other	0	none	City259
US1-51	North America	Canada	49.7	-112.85	2018-09-17	21.0	high	high	Temperate	BSk	C,P	Activated sludge	40	medium	City93
BE-01	Europe	Belgium	50.88	4.7	2018-03-12	12.14	low	low	Temperate	Cfb	C,N,DN	Activated sludge	8	very_low	City58
CN1-02	Asia	China	36.46	115.99	2018-03-23	4.7	very low	very low	Subtropical	BSk	C,N	Activated sludge	0	none	City95
CZ-24	Europe	Czech Republic	50.67	14.29	2018-05-23	15.4	moderate	moderate	Temperate	Cfb	C,N,DN	Activated sludge	10	very_low	City128
SE-10	Europe	Sweden	59.35	18.17	2018-05-07	12.0	low	low	Temperate	Cfb	C,N,DN	Activated sludge	10	very_low	City280
CY-01	Europe	Cyprus	34.71	33.02	2018-02-15	20.0	moderate	moderate	Subtropical	Csa	C,N,DN	Activated sludge	0	none	City103
SE-01	Europe	Sweden	58.41	15.62	2018-05-02	15.3	moderate	moderate	Temperate	Cfb	C,N,DN	Activated sludge	20	low	City276
SE-06	Europe	Sweden	58.41	15.62	2018-05-02	14.5	low	low	Temperate	Cfb	C,N,DN	Activated sludge	20	low	City276
SE-05	Europe	Sweden	58.41	15.62	2018-05-02	14.5	low	low	Temperate	Cfb	C,N,DN	Activated sludge	20	low	City276
PT-01	Europe	Portugal	38.72	-9.14	2018-02-19	20.0	moderate	moderate	Subtropical	Csa	C	Biofilter	0	none	City238
PT-06	Europe	Portugal	38.72	-9.14	2018-02-20	18.0	moderate	moderate	Subtropical	Csa	C,N,DN	Activated sludge	0	none	City238
PT-02	Europe	Portugal	38.72	-9.14	2018-02-19	20.0	moderate	moderate	Subtropical	Csa	C,N,DN	Activated sludge	0	none	City238
PT-09	Europe	Portugal	38.72	-9.14	2018-02-20	18.0	moderate	moderate	Subtropical	Csa	C	Activated sludge	0	none	City238
PT-07	Europe	Portugal	38.72	-9.14	2018-02-20	14.0	low	low	Subtropical	Csa	C,N,DN	Activated sludge	0	none	City238
PT-08	Europe	Portugal	38.72	-9.14	2018-02-20	14.0	low	low	Subtropical	Csa	C	Activated sludge	0	none	City242
CZ-18	Europe	Czech Republic	50.54	14.13	2018-05-23	16.3	moderate	moderate	Temperate	Cfb	C,N,DN	Activated sludge	5	very_low	City122
US1-35	North America	United States	37.68	-121.77	2018-08-31	26.0	very high	very high	Subtropical	Csb	C	Activated sludge	5	very_low	City358
ES-23	Europe	Spain	41.62	0.62	2018-03-05	13.0	low	low	Subtropical	BSk	C,N,DN	Activated sludge	they did not know		City273
ES-13	Europe	Spain	41.7	2.84	2018-03-13	18.0	moderate	moderate	Subtropical	Csa	C	Activated sludge	0	none	City263
US1-86	North America	United States	33.77	-118.19	2018-11-07	26.0	very high	very high	Subtropical	BSk	C,N,DN	Activated sludge	6	very_low	City383
US1-123	North America	United States	35.31	-120.84	2018-12-14	18.4	moderate	moderate	Subtropical	Csb	C,N,DN	Activated sludge	0	none	City342
PT-05	Europe	Portugal	38.83	-9.17	2018-02-20	16.0	moderate	moderate	Subtropical	Csa	C	Activated sludge	0	low	City241
US2-16	North America	United States	42.63	-71.32	2018-05-02	13.3	low	low	Temperate	Dfa	C	Activated sludge	0		City408
ZA-11	Africa	South Africa	-29.69	30.47	2018-04-04	23.9	high	high	Tropical	Cfa	C,N,DN,P	Activated sludge	0	none	City253
PH-05	Asia	Philippines	14.55	121.02	2018-10-04	23.0	high	high	Subequatorial	Am	C,N,DN	Activated sludge	0	none	City220
SE-32	Europe	Sweden	55.6	13.0	2018-05-22				Temperate	Cfb	C,N	Activated sludge	5	very_low	City290
SE-33	Europe	Sweden	55.6	13.0	2018-05-22				Temperate	Cfb	DN	MBBR	5	very_low	City290
SE-30	Europe	Sweden	55.6	13.0	2018-05-22	21.7	high	high	Temperate	Cfb	C,N,DN	Activated sludge	0		City290
SE-36	Europe	Sweden	55.6	13.0	2018-05-22				Temperate	Cfb	DN	MBBR	0	none	City290
SE-37	Europe	Sweden	55.6	13.0	2018-05-22				Temperate	Cfb	Anammox	MBBR	0	none	City290
SE-35	Europe	Sweden	55.6	13.0	2018-05-22				Temperate	Cfb	C,N,DN	Activated sludge	0	none	City290
SE-34	Europe	Sweden	55.6	13.0	2018-05-22				Temperate	Cfb	C,DN	Activated sludge	0	none	City290
US1-49	North America	United States	40.29	-74.35	2018-09-09	25.0	high	high	Temperate	Cfa	C,N	Activated sludge	1	very_low	City370
ES-15	Europe	Spain	42.01	2.28	2018-03-15	13.3	low	low	Subtropical	Cfa	C,N,DN	Activated sludge	40	medium	City265
ES-06	Europe	Spain	41.72	1.82	2018-03-15	15.0	low	low	Subtropical	Cfa	C,N,DN	Activated sludge	10	very_low	City257
DK-22	Europe	Denmark	56.74	10.12	2018-12-12				Temperate	Cfb	C,N,DN,P	Activated sludge	0		City146
ZA-04	Africa	South Africa	-29.87	30.82	2018-04-04	27.0	very high	very high	Tropical	Cfa	C,N,DN	Activated sludge	0	medium	City250
AR-12	South America	Argentina	-34.49	-58.52	2018-06-06	17.0	moderate	moderate	Temperate	Cfa	C	Activated sludge	60	high	City10
US1-59	North America	United States	38.02	-122.13	2018-08-21	25.0	high	high	Temperate	Csb	C	Activated sludge	5	very_low	City10
US1-37	North America	United States	38.02	-122.13	2018-08-21	33.5	extremely high	extremely high	Temperate	Csb	C,N	Activated sludge	100	all	City10
IT-14	Europe	Italy	40.61	14.34	2018-03-14	16.0	moderate	moderate	Subtropical	Csa	C,N,DN	MBR	0	none	City183
IT-13	Europe	Italy	40.61	14.34	2018-03-14	16.0	moderate	moderate	Subtropical	Csa	C,N,DN	Activated sludge	15	low	City183
AU-28	Oceania	Australia	-37.81	144.96	2018-07-03	14.3	low	low	Subtropical	Cfb	C	Activated sludge	0		City45
AU-30	Oceania	Australia	-37.81	144.96	2018-07-03	17.6	moderate	moderate	Subtropical	Cfb	C	Activated sludge	10		City45
AU-29	Oceania	Australia	-37.81	144.96	2018-07-03	14.6	low	low	Subtropical	Cfb	C	Activated sludge	0		City45
AU-25	Oceania	Australia	-37.81	144.96	2018-07-03	17.9	moderate	moderate	Subtropical	Cfb	C,N,DN	Activated sludge	0		City45
AU-26	Oceania	Australia	-37.81	144.96	2018-07-03	16.7	moderate	moderate	Subtropical	Cfb	C,N,DN	Activated sludge	0		City45
AU-27	Oceania	Australia	-37.81	144.96	2018-07-03	15.0	low	low	Subtropical	Cfb	C,N	Activated sludge	0		City45
CZ-06	Europe	Czech Republic	50.35	14.7	2018-05-23	18.2	moderate	moderate	Temperate	Cfb	C,N	Activated sludge	0	none	City110
AU-21	Oceania	Australia	-37.68	144.58	2018-06-15	19.0	moderate	moderate	Subtropical	Cfb	C	Activated sludge	10	very_low	City41
US1-98	North America	United States	37.3	-120.48	2018-11-29	22.0	high	high	Subtropical	Csa	C,N,DN	Activated sludge	1	very_low	City393
BE-13	Europe	Belgium	50.99	3.75	2018-03-12	9.03	very low	very low	Temperate	Cfb	C,N,DN	Activated sludge	0	none	City70
US2-18	North America	United States	41.54	-72.81	2018-05-03	15.0	low	low	Temperate	Cfa	C,N,DN,P	Activated sludge	10	very_low	City410
US2-19	North America	United States	41.54	-72.81	2018-05-03	15.0	low	low	Temperate	Cfa	DN	Activated sludge	10	very_low	City410
US1-54	North America	United States	33.42	-111.83	2018-09-13	31.1	extremely high	extremely high	Subtropical	BWh	N,DN	MBR	0		City373
CZ-16	Europe	Czech Republic	49.78	13.25	2018-05-23	16.2	moderate	moderate	Temperate	Cfb	C,N,DN	Activated sludge	0	none	City120
AU-17	Oceania	Australia	-22.82	148.69	2018-07-19				Tropical	BSh	C,N,DN,P	Activated sludge	0	none	City39
US1-48	North America	United States	42.19	-71.76	2018-09-17	24.0	high	high	Subtropical	Dfa	C,N,DN,P	Activated sludge	6	very_low	City369
US1-12	North America	United States	37.6	-122.39	2018-08-08	24.5	high	high	Subtropical	Csb	C	Activated sludge	0	none	City339
US2-11	North America	United States	42.19	-71.76	2018-04-26	11.0	low	low	Temperate	Dfa	C,N,DN,P	Activated sludge	15	low	City403
PL-03	Europe	Poland	52.18	21.57	2018-03-19	11.1	low	low	Temperate	Cfb	C,N,DN,P	Activated sludge	0	none	City223
US1-61	North America	United States	33.6	-117.66	2018-09-20	28.0	very high	very high	Subtropical	BSk	C	Activated sludge	0	none	City376
AT-04	Europe	Austria	48.03	16.3	2018-04-20				Temperate	Cfb		Activated sludge	0		City49
UY-13	South America	Uruguay	-34.9	-56.16	2018-07-31				Subtropical	Cfa	C,N,DN	Activated sludge	100	all	City418
UY-18	South America	Uruguay	-34.9	-56.16	2018-08-14				Subtropical	Cfa	C	Activated sludge	100	all	City418
UY-11	South America	Uruguay	-34.9	-56.16	2018-07-31				Subtropical	Cfa	C,N,DN	Activated sludge	100	all	City418
US1-115	North America	United States	37.13	-121.65	2018-12-10				Subtropical	Csb	C,N,DN	Activated sludge	100	all	City338
AR-17	South America	Argentina	-34.66	-58.62	2018-06-08	19.0	moderate	moderate	Temperate	Cfa	C	Activated sludge	60	high	City11
AU-05	Oceania	Australia	-32.73	151.63	2018-06-13	17.5	moderate	moderate	Subtropical	Cfa	C,N,DN,P	Activated sludge	34	medium	City28
CZ-09	Europe	Czech Republic	50.44	14.63	2018-05-23	16.3	moderate	moderate	Temperate	Cfb	C,N,DN,P	Activated sludge	10	very_low	City113
IN-09	Asia	India	19.08	72.88	2018-08-03	36.4	extremely high	extremely high	Subequatorial	Am	C	Activated sludge	0	all	City168
IN-08	Asia	India	19.08	72.88	2018-08-03	36.8	extremely high	extremely high	Subequatorial	Am	C	MBR	0	all	City168
NO2-01	Europe	Norway	58.67	5.64	2018-04-24	19.0	moderate	moderate	Temperate	Cfb	C,P	Activated sludge	95	high	City213
MY-01	Asia	Malaysia	2.73	101.94	2018-04-24	30.0	very high	very high	Equatorial	Af	C	Activated sludge	95	high	City186
MY-19	Asia	Malaysia	2.73	101.94	2018-04-24	30.0	very high	very high	Equatorial	Af	C	Activated sludge	100	all	City186
CZ-17	Europe	Czech Republic	50.67	14.11	2018-05-23	20.6	high	high	Temperate	Cfb	C,N,DN	Activated sludge	25	low	City121
UK2-07	Europe	United Kingdom	54.98	-1.62	2018-06-21	15.7	moderate	moderate	Subtropical	Cfb	C	Activated sludge	0	none	City25
UK2-02	Europe	United Kingdom	54.98	-1.62	2018-06-21	16.1	moderate	moderate	Subtropical	Cfb	C	Activated sludge	0	none	City25
UK2-04	Europe	United Kingdom	54.98	-1.62	2018-06-21	15.8	moderate	moderate	Subtropical	Cfb	C,N	Activated sludge	0	none	City25
UK2-01	Europe	United Kingdom	54.98	-1.62	2018-06-21	15.8	moderate	moderate	Subtropical	Cfb	C	Activated sludge	0	none	City25
UK2-06	Europe	United Kingdom	54.98	-1.62	2018-06-21	15.9	moderate	moderate	Subtropical	Cfb	C	Activated sludge	20	low	City25
UK2-08	Europe	United Kingdom	54.98	-1.62	2018-06-21				Subtropical	Cfb	C	Biofilter	0	none	City25
UK2-05	Europe	United Kingdom	54.98	-1.62	2018-06-21	16.2	moderate	moderate	Subtropical	Cfb	C,N	Activated sludge	0	none	City25
UK2-09	Europe	United Kingdom	54.98	-1.62	2018-06-21				Subtropical	Cfb	N	Biofilter	0	none	City25
UK2-14	Europe	United Kingdom	54.98	-1.62	2018-06-21				Subtropical	Cfb	C	Biofilter	0	none	City25
UK2-03	Europe	United Kingdom	54.98	-1.62	2018-06-21	16.3	moderate	moderate	Subtropical	Cfb	C,N	Activated sludge	0	none	City25
UK2-10	Europe	United Kingdom	54.98	-1.62	2018-06-21				Subtropical	Cfb	C	Biofilter	0	none	City25
UK2-13	Europe	United Kingdom	54.98	-1.62	2018-06-21				Subtropical	Cfb	C	Biofilter	0	none	City25
AU-01	Oceania	Australia	-32.93	151.78	2018-06-13	19.5	moderate	moderate	Subtropical	Cfa	C,N,DN	Activated sludge	10	very_low	City25
UK2-11	Europe	United Kingdom	54.98	-1.62	2018-06-21				Subtropical	Cfb	C	Biofilter	0	none	City25
UK2-12	Europe	United Kingdom	54.98	-1.62	2018-06-21				Subtropical	Cfb	C	Biofilter	0	none	City25
AU-02	Oceania	Australia	-32.93	151.78	2018-06-13	18.1	moderate	moderate	Subtropical	Cfa	C,N,DN	Activated sludge	4	very_low	City25
US2-10	North America	United States	37.09	-76.47	2018-04-23	19.2	moderate	moderate	Temperate	Cfa	C,N,DN,P	Activated sludge	0		City402
UK-03	Europe	United Kingdom	52.51	-3.31	2018-04-13	11.0	low	low	Temperate	Cfb	C,N	Activated sludge	40	medium	City321
CY-02	Europe	Cyprus	35.19	33.38	2018-02-15	20.0	moderate	moderate	Subtropical	Csa	C,N,DN,P	MBR	0	none	City104
BE-19	Europe	Belgium	50.83	4.02	2018-03-12	9.46	very low	very low	Temperate	Cfb	C,N,DN,P	Activated sludge	46	medium	City75
AU-12	Oceania	Australia	-26.36	152.97	2018-07-04	19.0	moderate	moderate	Tropical	Cfa	C,N,DN,P	Activated sludge	0	none	City35
US2-08	North America	United States	36.85	-76.29	2018-04-23	20.5	high	high	Temperate	Cfa	C,N,DN,P	Activated sludge	0		City400
SE-22	Europe	Sweden	58.59	16.19	2018-05-07				Temperate	Cfb	C	Activated sludge	100	all	City286
SE-11	Europe	Sweden	59.76	18.7	2018-05-07	8.0	very low	very low	Temperate	Cfb	C	Activated sludge	0	none	City281
US2-17	North America	United States	41.97	-71.36	2018-05-02	12.6	low	low	Temperate	Cfa	C,N,DN,P	Activated sludge	10	very_low	City409
IT-01	Europe	Italy	39.98	-75.11	2018-03-07	8.0	very low	very low	Subtropical	Cfa	C,N,DN	Activated sludge	9	very_low	City175
IT-03	Europe	Italy	39.98	-75.11	2018-03-07	9.0	very low	very low	Subtropical	Cfa	C,N,DN	Activated sludge	5	very_low	City175
IT-02	Europe	Italy	39.98	-75.11	2018-03-07	9.0	very low	very low	Subtropical	Cfa	C,N,DN	Activated sludge	10	very_low	City175
US1-40	North America	United States	38.11	-122.57	2018-08-29	23.5	high	high	Subtropical	Csb	C,N,DN	Activated sludge	5	very_low	City362
US1-41	North America	United States	37.8	-122.27	2018-08-31	24.0	high	high	Subtropical	Csb	C	Activated sludge	6	very_low	City363
DK-12	Europe	Denmark	55.42	10.37	2018-12-12				Temperate	Cfb	C,N,DN,P	Activated sludge	18	low	City139
DK-14	Europe	Denmark	55.43	10.46	2018-12-12				Temperate	Cfb	C,N,DN	Activated sludge	20	low	City139
US2-29	North America	United States	38.88	-94.82	2018-05-09	17.5	moderate	moderate	Temperate	Cfa	C,N,DN,P	Activated sludge	6	very_low	City417
PL-13	Europe	Poland	54.03	22.51	2018-03-21	11.2	low	low	Temperate	Dfb	C,N,DN,P	Activated sludge	0	low	City229
PL-14	Europe	Poland	53.78	20.48	2018-03-21	11.8	low	low	Temperate	Cfb	C,N,DN,P	Activated sludge	0	none	City230
US1-39	North America	United States	36.89	-120.69	2018-08-31	23.4	high	high	Subtropical	BSk	C	Activated sludge	15	low	City361
NO2-02	Europe	Norway	58.72	5.54	2018-04-24	12.0	low	low	Temperate	Cfb	C,P	Activated sludge	50	medium	City214
NO1-03	Europe	Norway	59.91	10.75	2018-04-16	11.0	low	low	Temperate	Dfb	C,N,DN	Activated sludge	5	very_low	City202
NO1-02	Europe	Norway	59.91	10.75	2018-04-17	11.0	low	low	Temperate	Dfb	C,N,DN	Activated sludge	0	none	City202
NO1-01	Europe	Norway	59.91	10.75	2018-04-17	11.0	low	low	Temperate	Dfb	C,N	Activated sludge	0	none	City202
PL-04	Europe	Poland	52.11	21.26	2018-03-23	13.2	low	low	Temperate	Cfb	C,N,DN	Activated sludge	20	low	City224
BE-11	Europe	Belgium	51.32	4.98	2018-03-12	9.27	very low	very low	Temperate	Cfb	C,N,DN	Activated sludge	0	none	City68
IT-17	Europe	Italy	38.12	13.36	2018-03-13	21.8	high	high	Subtropical	Csa	C	Activated sludge	0	all	City185
IT-16	Europe	Italy	38.12	13.36	2018-03-13	19.0	moderate	moderate	Subtropical	Csa	C	Activated sludge	0	none	City185
US1-90	North America	United States	34.58	-118.12	2018-11-06	24.2	high	high	Subtropical	BSk	C,N,DN	Activated sludge	1	very_low	City387
US1-07	North America	United States	37.44	-122.14	2018-08-14	26.5	very high	very high	Subtropical	Csb	C,N	Biofilter	10	very_low	City327
IT-07	Europe	Italy	44.8	10.33	2018-03-07	11.0	low	low	Temperate	Cfa	C,N,DN	Activated sludge	10	very_low	City178
IT-06	Europe	Italy	44.8	10.33	2018-03-07	11.0	low	low	Temperate	Cfa	C,N,DN	Activated sludge	15	low	City178
US1-127	North America	United States	35.64	-120.65	2018-12-12	20.7	high	high	Subtropical	Csb	C,N,DN	Activated sludge	5	very_low	City345
CZ-10	Europe	Czech Republic	50.19	14.12	2018-05-23	15.7	moderate	moderate	Temperate	Cfb	C,N	Activated sludge	0	none	City114
SE-38	Europe	Sweden	56.14	13.39	2018-05-22				Temperate	Cfb	C	Activated sludge	0	all	City292
SE-39	Europe	Sweden	56.14	13.39	2018-05-22				Temperate	Cfb	C	Activated sludge	0	all	City292
US1-68	North America	United States	38.23	-122.64	2018-09-22	24.0	high	high	Subtropical	Csb	C,N,DN,P	Activated sludge	14	low	City380
PL-05	Europe	Poland	52.08	21.02	2018-03-23	10.8	low	low	Temperate	Cfb	C,N,DN,P	Activated sludge	0	none	City225
AR-09	South America	Argentina	-34.48	-58.91	2018-06-05	21.0	high	high	Temperate	Cfa	C	Activated sludge	90	high	City7
AR-26	South America	Argentina	-34.48	-58.91	2018-06-11	18.0	moderate	moderate	Temperate	Cfa	C	Activated sludge	90	high	City7
CA-05	North America	Canada	45.37	-73.98	2018-01-12	7.2	very low	very low	Temperate	Dfb	C,N,DN,P	Activated sludge	10	very_low	City85
US1-56	North America	United States	38.0	-122.3	2018-08-21	24.0	high	high	Subtropical	Csb	C	Activated sludge	0	none	City375
AU-14	Oceania	Australia	-27.72	151.63	2018-07-02				Tropical	Cfa	C,N,DN,P	Activated sludge	0	none	City37
CZ-14	Europe	Czech Republic	49.93	13.39	2018-05-23	16.0	moderate	moderate	Temperate	Cfb	C,N	Activated sludge	5	very_low	City118
CZ-22	Europe	Czech Republic	50.56	14.2	2018-05-23	16.8	moderate	moderate	Temperate	Cfb	C,N	Activated sludge	0	none	City126
CZ-11	Europe	Czech Republic	49.74	13.37	2018-05-23	20.1	high	high	Temperate	Cfb	C,N,DN,P	Activated sludge	40	medium	City115
US1-109	North America	United States	34.06	-117.75	2018-11-06	26.4	very high	very high	Subtropical	Csa	C,N,DN	Activated sludge	4	very_low	City336
NO1-07	Europe	Norway	59.14	9.66	2018-04-17	14.0	low	low	Temperate	Cfb	C,N	MBBR	0	none	City205
AR-16	South America	Argentina	-31.01	-62.06	2018-06-08	21.0	high	high	Tropical	Cfa	C	Activated sludge	100	all	City21
UK-09	Europe	United Kingdom	51.32	-2.01	2018-04-06	17.0	moderate	moderate	Temperate	Cfb	C,N	Activated sludge	0	very_low	City325
PL-16	Europe	Poland	52.41	16.93	2018-03-20	10.0	very low	very low	Temperate	Cfb	C,N,DN,P	Activated sludge	40	medium	City231
PL-17	Europe	Poland	52.41	16.93	2018-03-20	10.0	very low	very low	Temperate	Cfb	C,N,DN,P	Activated sludge	40	medium	City231
ZA-20	Africa	South Africa	-25.75	28.23	2018-04-04				Tropical	Cwa	C,N,DN,P	Activated sludge	0	none	City256
ZA-21	Africa	South Africa	-25.75	28.23	2018-04-04				Tropical	Cwa	C,N,DN,P	Activated sludge	0	none	City256
ZA-25	Africa	South Africa	-25.75	28.23	2018-04-04				Tropical	Cwa	C,Anammox	Biofilter	0	none	City256
ZA-22	Africa	South Africa	-25.75	28.23	2018-04-04				Tropical	Cwa	C,N,DN,P	Activated sludge	0	none	City256
ZA-24	Africa	South Africa	-25.75	28.23	2018-04-04				Tropical	Cwa	C,Anammox	Biofilter	0	none	City256
ZA-23	Africa	South Africa	-25.75	28.23	2018-04-04				Tropical	Cwa	C,Anammox	Biofilter	0	none	City256
UK-07	Europe	United Kingdom	51.49	-2.44	2018-04-13	11.0	low	low	Temperate	Cfb	C,N	Activated sludge	0		City323
IN-11	Asia	India	18.52	73.86	2018-08-03	26.5	very high	very high	Subequatorial	Aw	C	Activated sludge	0	none	City169
IN-10	Asia	India	18.52	73.86	2018-08-03	26.8	very high	very high	Subequatorial	Aw	C	Activated sludge	0	none	City169
IN-12	Asia	India	18.52	73.86	2018-08-03	26.2	very high	very high	Subequatorial	Aw	C	Activated sludge	0	none	City169
CN1-05	Asia	China	36.07	120.38	2018-03-23	12.0	low	low	Subtropical	Cwa	C,N,DN,P	MBBR	0	none	City98
ES-18	Europe	Spain	41.94	2.84	2018-03-07	16.0	moderate	moderate	Subtropical	Csa	C	Activated sludge	0	none	City268
PH-06	Asia	Philippines	14.68	121.04	2018-08-02	30.7	extremely high	extremely high	Subequatorial	Am	C,N,DN	Activated sludge	0	none	City219
PH-03	Asia	Philippines	14.68	121.04	2018-08-24	27.0	very high	very high	Subequatorial	Am	C,N,DN,P	Activated sludge	0	none	City219
PH-04	Asia	Philippines	14.68	121.04	2018-08-24	29.1	very high	very high	Subequatorial	Am	C,N,DN,P	Activated sludge	0	none	City219
PH-01	Asia	Philippines	14.68	121.04	2018-08-24	28.0	very high	very high	Subequatorial	Am	C,N,DN	MBBR	0	none	City219
PH-07	Asia	Philippines	14.68	121.04	2018-08-02	30.7	extremely high	extremely high	Subequatorial	Am	C,N,DN	Activated sludge	0	none	City219
PH-02	Asia	Philippines	14.68	121.04	2018-08-24	28.2	very high	very high	Subequatorial	Am	C,N,DN	MBBR	0	none	City219
PL-24	Europe	Poland	51.4	21.15	2018-03-20				Temperate	Cfb	C,N,DN,P	Activated sludge	10	very_low	City237
AR-28	South America	Argentina	-31.25	-61.49	2018-06-11	17.0	moderate	moderate	Tropical	Cfa	C	Biofilter	0	none	City24
NO2-03	Europe	Norway	59.0	5.62	2018-04-24	10.0	very low	very low	Temperate	Cfb	C,P	Activated sludge	5	very_low	City215
DK-19	Europe	Denmark	56.45	10.07	2018-12-12				Temperate	Cfb	C,N,DN,P	Activated sludge	5	very_low	City143
AU-03	Oceania	Australia	-32.75	151.77	2018-06-13	17.5	moderate	moderate	Subtropical	Cfa	C,N,DN,P	Activated sludge	7	very_low	City26
US1-09	North America	United States	37.49	-122.24	2018-08-14	24.0	high	high	Subtropical	Csb	C	Biofilter	25	low	City328
IT-10	Europe	Italy	44.7	10.63	2018-03-07	11.0	low	low	Temperate	Cfa	C,N,DN	Activated sludge	10	very_low	City180
IT-09	Europe	Italy	44.7	10.63	2018-03-07	12.0	low	low	Temperate	Cfa	C,N,DN,P	Activated sludge	17	low	City180
CZ-23	Europe	Czech Republic	50.61	13.96	2018-05-23	16.2	moderate	moderate	Temperate	Cfb	C,N,DN	Activated sludge	0	none	City127
DK-10	Europe	Denmark	55.33	8.74	2018-12-12				Temperate	Cfb	C,N,DN,P	Activated sludge	20	low	City137
US1-57	North America	United States	37.94	-122.35	2018-08-21	20.0	moderate	moderate	Subtropical	Csb	C	Activated sludge	30	medium	City366
US1-45	North America	United States	37.94	-122.35	2018-08-29	20.0	moderate	moderate	Subtropical	Csb	C,N,DN	Activated sludge	5	very_low	City366
US1-122	North America	United States	36.81	-121.37	2018-12-10				Subtropical	Csb	C,N,DN	Activated sludge	0	none	City341
AR-14	South America	Argentina	-27.59	-64.91	2018-06-07	20.0	moderate	moderate	Tropical	Cwa	C	Activated sludge	0	none	City19
NO1-10	Europe	Norway	58.7	9.32	2018-04-17	12.0	low	low	Temperate	Cfb	C,N,DN,P	Activated sludge	5	very_low	City208
US1-46	North America	United States	30.55	-87.71	2018-09-20	28.0	very high	very high	Subtropical	Cfa	P	Activated sludge	10	very_low	City367
US1-55	North America	United States	38.03	-122.27	2018-08-31	33.0	extremely high	extremely high	Subtropical	Csb	C,N	Activated sludge	100	all	City374
US1-58	North America	United States	38.03	-122.27	2018-08-21	24.0	high	high	Subtropical	Csb	C,N,DN	Activated sludge	0	none	City374
IT-11	Europe	Italy	41.9	12.5	2018-03-13	17.0	moderate	moderate	Subtropical	Csa	C,N	Activated sludge	5	very_low	City181
NL-07	Europe	Netherlands	51.92	4.48	2018-03-14	13.0	low	low	Temperate	Cfb	C	Activated sludge	0	none	City195
NL-10	Europe	Netherlands	51.92	4.48	2018-03-14	30.0	very high	very high	Temperate	Cfb	N	MBBR	0	none	City195
NL-08	Europe	Netherlands	51.92	4.48	2018-03-14	30.0	very high	very high	Temperate	Cfb		Other	0	none	City195
NL-06	Europe	Netherlands	51.92	4.48	2018-03-14	13.0	low	low	Temperate	Cfb	C,N	Activated sludge	0	none	City195
NL-09	Europe	Netherlands	51.92	4.48	2018-03-14	30.0	very high	very high	Temperate	Cfb	DN	Granules	0	none	City195
CZ-19	Europe	Czech Republic	50.43	14.26	2018-05-23	16.2	moderate	moderate	Temperate	Cfb	C,N,DN	Activated sludge	0	none	City123
IT-05	Europe	Italy	44.65	10.78	2018-03-07	9.0	very low	very low	Temperate	Cfa	C,N,DN	Activated sludge	5	very_low	City177
ES-24	Europe	Spain	41.55	2.11	2018-03-06	17.0	moderate	moderate	Subtropical	Cfa	C,N,DN	Activated sludge	0	medium	City274
US1-121	North America	United States	36.68	-121.66	2018-12-10				Subtropical	Csb	C,N,DN	Activated sludge	0	none	City340
AR-19	South America	Argentina	-24.78	-65.42	2018-06-07	17.0	moderate	moderate	Tropical	BSh	C	Biofilter	0	none	City15
AR-18	South America	Argentina	-26.9	-65.23	2018-06-07	20.0	moderate	moderate	Tropical	Cwa	C	Activated sludge	0	none	City23
AR-23	South America	Argentina	-34.44	-58.56	2018-06-11	19.0	moderate	moderate	Temperate	Cfa	C,N	Activated sludge	0	none	City17
US1-71	North America	United States	37.77	-122.42	2018-10-02	25.3	very high	very high	Subtropical	Csb	C,N,DN	Activated sludge	0	none	City326
US1-06	North America	United States	37.65	-122.41	2018-08-08	24.0	high	high	Subtropical	Csb	C	Activated sludge	25	low	City326
US1-75	North America	United States	37.77	-122.42	2018-10-30	23.2	high	high	Subtropical	Csb	C,N,DN	Activated sludge	0	none	City326
US1-72	North America	United States	37.77	-122.42	2018-10-09	23.5	high	high	Subtropical	Csb	C,N,DN	Activated sludge	0	none	City326
US1-11	North America	United States	37.8	-122.41	2018-08-09	22.0	high	high	Subtropical	Csb	C	Activated sludge	0	none	City326
US1-08	North America	United States	37.77	-122.42	2018-08-09	21.0	high	high	Subtropical	Csb	C	Activated sludge	15	low	City326
US1-74	North America	United States	37.77	-122.42	2018-10-24	22.9	high	high	Subtropical	Csb	C,N,DN	Activated sludge	0	none	City326
US1-73	North America	United States	37.77	-122.42	2018-10-16	25.2	very high	very high	Subtropical	Csb	C,N,DN	Activated sludge	0	none	City326
UY-15	South America	Uruguay	-34.34	-56.71	2018-08-02				Subtropical	Cfa	C	Activated sludge	0	none	City351
US1-27	North America	United States	37.34	-121.89	2018-08-14	21.0	high	high	Subtropical	Csb	C,N,DN,P	Activated sludge	10	very_low	City351
US1-114	North America	United States	36.85	-121.54	2018-12-10				Subtropical	Csb	C,N,DN	Activated sludge	0	none	City337
US1-113	North America	United States	36.85	-121.54	2018-12-10				Subtropical	Csb	C,N,DN	Activated sludge	0	none	City337
US1-129	North America	United States	36.85	-121.54	2018-12-10				Subtropical	Csb	C,N,DN	Activated sludge	100	all	City337
US1-63	North America	United States	33.5	-117.66	2018-09-20	24.0	high	high	Subtropical	BSk	C,N	Activated sludge	0	none	City368
US1-47	North America	United States	33.5	-117.66	2018-09-20	29.0	very high	very high	Subtropical	BSk	C	Activated sludge	0	none	City368
US1-30	North America	United States	37.73	-122.16	2018-08-14	26.0	very high	very high	Subtropical	Csb	C	Biofilter	10	very_low	City353
US1-124	North America	United States	35.28	-120.66	2018-12-14	19.0	moderate	moderate	Subtropical	Csb	C,N	Biofilter	0	none	City343
MX-07	North America	Mexico	22.16	-100.99	2018-03-09	25.0	high	high	Tropical	BSk	C,N,DN,P	Activated sludge	0	none	City191
MX-06	North America	Mexico	22.16	-100.99	2018-03-09	25.0	high	high	Tropical	BSk	C,N,DN,P	Activated sludge	0	low	City191
US1-14	North America	United States	37.56	-122.33	2018-08-08	23.5	high	high	Subtropical	Csb	C	Activated sludge	0	none	City349
US1-36	North America	United States	37.97	-122.53	2018-08-29	26.0	very high	very high	Subtropical	Csb	C	Biofilter	2	very_low	City359
US1-62	North America	United States	35.39	-120.61	2018-09-20	28.0	very high	very high	Subtropical	Csb	C	Activated sludge	0	none	City377
US1-69	North America	United States	38.44	-122.71	2018-09-21	25.0	high	high	Subtropical	Csb	C,N,DN	Activated sludge	2	very_low	City381
CA-06	North America	Canada	52.13	-106.67	2018-03-01	7.9	very low	very low	Temperate	Dfb	C,N,DN,P	Activated sludge	0		City86
US1-106	North America	United States	34.39	-118.54	2018-11-07	25.9	very high	very high	Subtropical	Csb	C,N,DN	Activated sludge	1	very_low	City333
IT-12	Europe	Italy	40.76	14.54	2018-03-14	16.0	moderate	moderate	Subtropical	Csa	C,N,DN	Activated sludge	30	medium	City182
IT-08	Europe	Italy	44.6	10.69	2018-03-07	7.0	very low	very low	Temperate	Cfa	C	Activated sludge	5	very_low	City179
BE-18	Europe	Belgium	51.24	4.58	2018-03-12	9.42	very low	very low	Temperate	Cfb	C,N,DN	MBR	2	very_low	City65
BE-08	Europe	Belgium	51.24	4.58	2018-03-12	8.91	very low	very low	Temperate	Cfb	C,N,DN	Activated sludge	2	very_low	City65
US2-09	North America	United States	37.2	-76.43	2018-04-25	17.8	moderate	moderate	Temperate	Cfa	C,N,DN	Activated sludge	0		City401
MY-05	Asia	Malaysia	3.07	101.52	2018-04-24	33.6	extremely high	extremely high	Equatorial	Af	C,N		95	high	City187
MY-14	Asia	Malaysia	3.07	101.52	2018-05-15	30.5	extremely high	extremely high	Equatorial	Af	C	Other	100	all	City187
MY-13	Asia	Malaysia	3.07	101.52	2018-05-15	30.5	extremely high	extremely high	Equatorial	Af	C	Other	100	all	City187
MY-15	Asia	Malaysia	3.07	101.52	2018-05-16	31.2	extremely high	extremely high	Equatorial	Af	C	Activated sludge	100	all	City187
MY-20	Asia	Malaysia	3.07	101.52	2018-04-24	33.6	extremely high	extremely high	Equatorial	Af	C,N	Activated sludge	100	all	City187
MY-03	Asia	Malaysia	3.07	101.52	2018-04-24	33.6	extremely high	extremely high	Equatorial	Af	C,N	Activated sludge	95	high	City187
MY-02	Asia	Malaysia	3.07	101.52	2018-04-24	30.0	very high	very high	Equatorial	Af	C	Activated sludge	95	high	City187
MY-04	Asia	Malaysia	3.07	101.52	2018-04-24	33.6	extremely high	extremely high	Equatorial	Af	C,N		95	high	City187
MY-12	Asia	Malaysia	3.07	101.52	2018-05-15	30.5	extremely high	extremely high	Equatorial	Af	C	Activated sludge	100	all	City187
PT-03	Europe	Portugal	38.53	-8.89	2018-02-19	21.0	high	high	Subtropical	Csa	C,N,DN,P	Activated sludge	0	medium	City239
CN1-10	Asia	China	38.04	114.51	2018-03-14	15.0	low	low	Subtropical	BSk	C,N,DN	Activated sludge	0	none	City102
NL-12	Europe	Netherlands	50.83	5.98	2018-04-10	15.0	low	low	Temperate	Cfb	C,N,DN,P	Granules	0	none	City196
NL-11	Europe	Netherlands	50.83	5.98	2018-04-10	15.0	low	low	Temperate	Cfb	C,N,DN,P	Granules	0	none	City196
SE-28	Europe	Sweden	55.56	14.35	2018-05-17				Temperate	Cfb	C	MBBR	100	all	City288
SG-02	Asia	Singapore	1.35	103.82	2018-03-07	30.0	very high	very high	Tropical	Af	C,N,DN	Activated sludge	0	none	City246
SG-04	Asia	Singapore	1.35	103.82	2018-03-08	30.0	very high	very high	Tropical	Af	C,N,DN	Activated sludge	0	none	City246
SG-01	Asia	Singapore	1.35	103.82	2018-03-07	30.0	very high	very high	Tropical	Af	C,N,DN,P	MBR	5	very_low	City246
SG-03	Asia	Singapore	1.35	103.82	2018-03-07	30.0	very high	very high	Tropical	Af	C,N,DN	Activated sludge	0	none	City246
BE-22	Europe	Belgium	50.82	3.84	2018-03-12				Temperate	Cfb	C,N,DN	Biofilter	0	none	City78
BE-04	Europe	Belgium	50.78	4.24	2018-03-12	10.04	low	low	Temperate	Cfb	C,N,DN	Activated sludge	0	none	City61
DK-08	Europe	Denmark	56.57	9.04	2018-12-12				Temperate	Cfb	C,N,DN,P	Activated sludge	20	low	City136
NO3-02	Europe	Norway	63.7	11.19	2018-04-10	24.0	high	high	Temperate	Cfb	C	Activated sludge	100	all	City217
US1-126	North America	United States	36.42	-121.33	2018-12-12				Subtropical	Csb	C,N,DN	Activated sludge	10	very_low	City344
IT-15	Europe	Italy	40.63	14.38	2018-03-14	16.0	moderate	moderate	Subtropical	Csa	C,N,DN	Activated sludge	15	low	City184
US2-20	North America	United States	41.6	-72.88	2018-05-03				Temperate	Cfa	N	Activated sludge	0		City411
US2-21	North America	United States	41.6	-72.88	2018-05-03				Temperate	Cfa	DN	Biofilter	0		City411
US1-44	North America	United States	47.66	-117.43	2018-08-12	22.0	high	high		Csb	C,N,DN	MBR	5	very_low	City365
US1-52	North America	United States	40.16	-105.17	2018-09-17	21.0	high	high	Temperate	BSk	C,N,DN,P	Activated sludge	15	low	City372
CH-07	Europe	Switzerland	47.42	9.38	2018-04-03	12.3	low	low	Temperate	Cfb	C,N	Activated sludge	25	low	City297
CH-20	Europe	Switzerland	47.24	8.74	2018-04-05	4.99	very low	very low	Temperate	Cfb	C,N,DN	MBR	5	very_low	City307
CH-21	Europe	Switzerland	47.24	8.74	2018-04-05	5.94	very low	very low	Temperate	Cfb	C,N,DN	MBR	5	very_low	City307
CZ-12	Europe	Czech Republic	49.7	13.47	2018-05-23	17.5	moderate	moderate	Temperate	Cfb	C,N,DN	Activated sludge	30	medium	City116
US1-76	North America	United States	36.12	-97.06	2018-11-15	15.0	low	low	Temperate	Cfa	C,N	Activated sludge	15	low	City382
CZ-05	Europe	Czech Republic	50.15	13.96	2018-05-23	15.3	moderate	moderate	Temperate	Cfb	C,N,DN	Activated sludge	0	none	City109
AT-02	Europe	Austria	47.4	11.82	2018-04-24				Temperate	Cfb	Anammox	Granules	0		City51
AT-01	Europe	Austria	47.4	11.82	2018-04-24				Temperate	Cfb		Activated sludge	0		City51
DE-10	Europe	Germany	48.78	9.18	2018-03-21				Temperate	Cfb	C,N	Biofilter	0	none	City156
DE-08	Europe	Germany	48.78	9.18	2018-03-21				Temperate	Cfb	C,N	Biofilter	0	none	City156
DE-07	Europe	Germany	48.78	9.18	2018-03-21				Temperate	Cfb	C,N,DN	Activated sludge	0	none	City156
DE-09	Europe	Germany	48.78	9.18	2018-03-21				Temperate	Cfb	C,N,DN	Activated sludge	0	none	City156
US2-05	North America	United States	36.73	-76.58	2018-04-23	19.3	moderate	moderate	Temperate	Cfa	C,N,DN,P	Activated sludge	0		City397
CA-02	North America	Canada	49.61	-119.68	2018-01-09	8.1	very low	very low	Temperate	BSk	C,N,DN,P	Activated sludge	0		City83
SE-19	Europe	Sweden	62.39	17.31	2018-05-07	1.8	very low	very low	Temperate	Dfc	C	Activated sludge	10	very_low	City285
AU-18	Oceania	Australia	-33.87	151.21	2018-07-30				Subtropical	Cfa	C,N,DN	Activated sludge	0	none	City40
AU-19	Oceania	Australia	-33.87	151.21	2018-07-30				Subtropical	Cfa	C,N,DN	Activated sludge	0	none	City40
IL-02	Asia	Israel	32.09	34.78	2018-03-29	25.0	high	high	Tropical	Csa	C,N,DN	Activated sludge	15	low	City174
SA-05	Asia	Saudi Arabia	22.3	39.12	2018-05-06	34.0	extremely high	extremely high	Tropical	BWh	C,DN	MBR	0	none	City244
SA-06	Asia	Saudi Arabia	22.3	39.12	2018-05-06	34.0	extremely high	extremely high	Tropical	BWh	C,DN	MBR	0	none	City244
US1-32	North America	United States	37.87	-122.46	2018-08-29	22.5	high	high	Subtropical	Csb	C	Activated sludge	0	none	City355
AU-09	Oceania	Australia	-33.02	151.58	2018-06-13	18.4	moderate	moderate	Subtropical	Cfa	C,N,DN	Activated sludge	3	very_low	City32
ES-11	Europe	Spain	42.04	3.13	2018-03-13	16.0	moderate	moderate	Subtropical	Csa	C,N,DN	Activated sludge	20	low	City261
ES-19	Europe	Spain	40.81	0.52	2018-03-12				Subtropical	BSk	C,N,DN	Activated sludge	0	none	City269
AR-30	South America	Argentina	-34.48	-58.75	2018-06-11	18.0	moderate	moderate	Temperate	Cfa	C	Activated sludge	0	all	City22
CZ-25	Europe	Czech Republic	50.6	14.21	2018-05-23	15.6	moderate	moderate	Temperate	Cfb	C,N	Activated sludge	0	none	City129
NO3-04	Europe	Norway	63.43	10.4	2018-04-12	22.0	high	high	Temperate	Cfb	C,N,DN,P	MBBR	0	none	City216
NO3-01	Europe	Norway	63.43	10.4	2018-04-10	22.7	high	high	Temperate	Cfb	C,N,DN,P	Biofilter	0	none	City216
BE-12	Europe	Belgium	51.32	4.94	2018-03-12	11.43	low	low	Temperate	Cfb	C,N,DN	Activated sludge	20-50		City69
DE-22	Europe	Germany	51.34	8.97	2018-03-20				Temperate	Cfb	C,N,DN	Activated sludge	0	none	City162
PL-10	Europe	Poland	50.12	19.02	2018-03-19	12.2	low	low	Temperate	Cfb	C,N,DN,P	Activated sludge	30	medium	City227
PL-09	Europe	Poland	50.12	19.02	2018-03-19	12.8	low	low	Temperate	Cfb	C,N,DN	Activated sludge	30	medium	City227
PL-08	Europe	Poland	50.12	19.02	2018-03-19	12.6	low	low	Temperate	Cfb	C,N,DN	Activated sludge	30	medium	City227
CH-10	Europe	Switzerland	46.77	7.57	2018-04-04	12.5	low	low	Temperate	Cfb	C,N,DN,P	Activated sludge	10	very_low	City300
US1-26	North America	United States	37.59	-122.04	2018-08-14	25.0	high	high	Subtropical	Csb	C	Activated sludge	20	low	City350
CH-09	Europe	Switzerland	47.35	8.72	2018-04-04	12.7	low	low	Temperate	Cfb	C,N	Activated sludge	20	low	City299
US1-94	North America	United States	38.36	-121.99	2018-12-05	23.0	high	high	Subtropical	Csa	C,N,DN	Activated sludge	10	very_low	City390
US1-107	North America	United States	34.46	-118.57	2018-11-06	26.4	very high	very high	Subtropical	Csb	C,N,DN	Activated sludge	10	very_low	City334
US1-31	North America	United States	38.1	-122.26	2018-08-29	18.0	moderate	moderate	Subtropical	Csb	C	Biofilter	5	very_low	City354
SE-12	Europe	Sweden	59.61	16.54	2018-05-07				Temperate	Cfb	C,N	Activated sludge	7.2	very_low	City282
CA-12	North America	Canada	45.4	-74.04	2018-03-01	7.9	very low	very low	Temperate	Dfb	C,N,DN	Activated sludge	50	medium	City92
SE-09	Europe	Sweden	56.88	14.81	2018-05-02				Temperate	Cfb	Anammox	MBBR	1	very_low	City279
SE-07	Europe	Sweden	56.88	14.81	2018-05-02				Temperate	Cfb	C,N	MBBR	1	very_low	City279
SE-08	Europe	Sweden	56.88	14.81	2018-05-02				Temperate	Cfb	C,N	MBBR	1	very_low	City279
NO1-12	Europe	Norway	59.57	10.69	2018-03-20	10.0	very low	very low	Temperate	Cfb	C	Activated sludge	5	very_low	City210
NO1-13	Europe	Norway	59.57	10.69	2018-03-20	10.0	very low	very low	Temperate	Cfb	C	Activated sludge	5	very_low	City210
DK-13	Europe	Denmark	56.43	9.46	2018-12-12				Temperate	Cfb	C,N,DN,P	Activated sludge	10	very_low	City140
DK-23	Europe	Denmark	56.13	10.14	2018-12-12				Temperate	Cfb	C,N,DN,P	Activated sludge	5	very_low	City147
ES-14	Europe	Spain	41.93	2.25	2018-03-15	16.9	moderate	moderate	Subtropical	Cfa	C,N,DN	Activated sludge	60	high	City264
SE-18	Europe	Sweden	57.63	18.29	2018-05-07	13.4	low	low	Temperate	Cfb	C,DN	MBBR	10	very_low	City284
SE-16	Europe	Sweden	57.63	18.29	2018-05-07	13.4	low	low	Temperate	Cfb	C,N,DN	MBBR	10	very_low	City284
SE-15	Europe	Sweden	57.63	18.29	2018-05-07	13.4	low	low	Temperate	Cfb	C,DN	MBBR	10	very_low	City284
SE-17	Europe	Sweden	57.63	18.29	2018-05-07	13.4	low	low	Temperate	Cfb	C,N,DN	MBBR	10	very_low	City284
DE-23	Europe	Germany	51.21	8.94	2018-03-20				Temperate	Cfb	C,N,DN	Activated sludge	0	none	City163
AT-08	Europe	Austria	48.0	13.93	2018-04-23				Temperate	Cfb		Activated sludge	0		City55
NL-23	Europe	Netherlands	52.46	6.57	2018-03-07	15.0	low	low	Temperate	Cfb	C,N,DN,P	Activated sludge	0	none	City201
NL-22	Europe	Netherlands	52.46	6.57	2018-03-07	15.0	low	low	Temperate	Cfb	C,N,DN,P	Granules	0	none	City201
CH-28	Europe	Switzerland	46.66	7.08	2018-04-06	10.6	low	low	Temperate	Cfb	C,N,DN	Activated sludge	25	low	City314
CH-24	Europe	Switzerland	47.23	8.67	2018-04-05	11.8	low	low	Temperate	Cfb	C,N	Activated sludge	40	medium	City310
PL-06	Europe	Poland	52.23	21.01	2018-03-21				Temperate	Cfb	C,N,DN,P	Activated sludge	0	none	City226
PL-07	Europe	Poland	52.23	21.01	2018-03-21	16.1	moderate	moderate	Temperate	Cfb	C,N,DN,P	Activated sludge	0	none	City226
PL-20	Europe	Poland	52.23	21.01	2018-03-22	22.0	high	high	Temperate	Cfb	C	Activated sludge	100	all	City234
US2-02	North America	United States	38.91	-77.04	2018-04-24				Temperate	Cfa	C,N,DN	Activated sludge	0		City395
US2-03	North America	United States	38.91	-77.04	2018-04-24				Temperate	Cfa	C,N,DN	Activated sludge	0		City395
UK-10	Europe	United Kingdom	51.26	-2.19	2018-04-06	15.0	low	low	Temperate	Cfb	C,N	MBR	0	none	City317
US2-25	North America	United States	42.13	-72.75	2018-05-07	15.8	moderate	moderate	Temperate	Cfa	C,N,DN,P	Activated sludge	25	low	City414
US1-108	North America	United States	33.98	-118.03	2018-11-06	27.8	very high	very high	Subtropical	BSk	C,N,DN	Activated sludge	10	very_low	City335
US1-110	North America	United States	33.98	-118.03	2018-11-06	27.7	very high	very high	Subtropical	BSk	C,N,DN	Activated sludge	2	very_low	City335
US1-65	North America	United States	38.55	-122.82	2018-09-22	25.0	high	high	Subtropical	Csb	C,N,DN,P	Activated sludge	10	very_low	City378
BE-10	Europe	Belgium	51.06	3.27	2018-03-12	8.44	very low	very low	Temperate	Cfb	C,N,DN	Activated sludge	0	none	City67
AU-24	Oceania	Australia	-36.12	146.88	2017-06-20				Subtropical	Cfa	C,N,DN	Activated sludge	0	low	City44
DE-24	Europe	Germany	51.33	9.17	2018-03-20				Temperate	Cfb	C,N,DN	Activated sludge	0	none	City164
AU-23	Oceania	Australia	-37.36	144.52	2018-06-15	14.0	low	low	Subtropical	Cfb	C	Activated sludge	3.2	very_low	City43
AU-11	Oceania	Australia	-26.96	152.78	2018-06-29	19.0	moderate	moderate	Tropical	Cfa	C,N,DN	Activated sludge	0	none	City34
UK-05	Europe	United Kingdom	51.6	0.03	2018-04-13	11.0	low	low	Tropical	Cfb	C,N	Activated sludge	5	very_low	City34
UK-04	Europe	United Kingdom	51.6	0.03	2018-04-13	11.0	low	low	Tropical	Cfb	C,N	Activated sludge	5	very_low	City34
US1-95	North America	United States	38.68	-121.77	2018-12-05	21.4	high	high	Subtropical	Csa	C,N,DN	Activated sludge	5	very_low	City391
AU-31	Oceania	Australia	-34.95	138.88	2018-07-02	15.0	low	low	Subtropical	Csb	C,N,DN	Activated sludge	10	very_low	City46
AT-03	Europe	Austria	47.8	16.23	2018-04-20				Temperate	Cfb		Activated sludge	0		City52
CN1-03	Asia	China	30.59	114.31	2018-02-25	5.0	very low	very low	Subtropical	Cfa	C,N,DN,P	Activated sludge	0	none	City96
CN1-11	Asia	China	30.59	114.31	2018-03-20	16.3	moderate	moderate	Subtropical	Cfa	C,N,DN,P	Activated sludge	0	none	City96
BE-25	Europe	Belgium	51.1	2.7	2018-03-12	9.74	very low	very low	Temperate	Cfb	C,N,DN,P	Activated sludge	4	very_low	City81
SA-04	Asia	Saudi Arabia	24.02	38.19	2018-04-29	37.0	extremely high	extremely high	Tropical	BWh	N,DN	Activated sludge	0	none	City243
SA-01	Asia	Saudi Arabia	24.02	38.19	2018-04-29	37.0	extremely high	extremely high	Tropical	BWh	N,DN	Activated sludge	0	all	City243
SA-03	Asia	Saudi Arabia	24.02	38.19	2018-04-29	37.0	extremely high	extremely high	Tropical	BWh	N,DN	Activated sludge	0	none	City243
SA-02	Asia	Saudi Arabia	24.02	38.19	2018-04-29	37.0	extremely high	extremely high	Tropical	BWh	N,DN	Activated sludge	0	all	City243
CN1-04	Asia	China	34.73	112.79	2018-02-20	8.0	very low	very low	Subtropical	BSk	C,N,DN,P	Activated sludge	0	none	City97
US1-33	North America	United States	39.14	-121.62	2018-08-27	28.5	very high	very high	Subtropical	Csb	C	Activated sludge	50	medium	City356
BE-03	Europe	Belgium	50.99	4.49	2018-03-12	9.53	very low	very low	Temperate	Cfb	C,N,DN	Activated sludge	0	none	City60
CH-01	Europe	Switzerland	46.02	7.75	2018-03-21	16.0	moderate	moderate	Temperate	ET	C,N,DN	Activated sludge	0	none	City293
CH-02	Europe	Switzerland	46.02	7.75	2018-03-21	16.0	moderate	moderate	Temperate	ET	C,N,DN	Activated sludge	0	none	City293
CN1-01	Asia	China	33.01	114.02	2018-02-23	12.0	low	low	Subtropical	Cwa	C,N,DN	Activated sludge	0	none	City94
CZ-15	Europe	Czech Republic	50.04	13.38	2018-05-23	15.0	low	low	Temperate	Cfb	C,N	Activated sludge	0	none	City119
BE-24	Europe	Belgium	50.99	5.26	2018-03-12	7.23	very low	very low	Temperate	Cfb	C,N,DN	Activated sludge	0	none	City80
CH-08	Europe	Switzerland	47.38	8.54	2018-04-04	11.7	low	low	Temperate	Cfb	C,N,DN	Activated sludge	10	very_low	City298
BE-06	Europe	Belgium	50.88	3.73	2018-03-12	8.87	very low	very low	Temperate	Cfb	C,N,DN	Activated sludge	5	very_low	City63
